Home,Away,Date,Favorite,Spread,TeamWin,WinPoints,LosePoints,Homeptsposs,AwayPtsposs,HomeeFG,AwayeFG,HomeTOV,AwayTOV,HomeOREB,AwayOREB,HomeFTR,AwayFTR,HomeRest,AwayRest,Pick,OT
TOR,NOP,10/22/19,TOR,7,TOR,130,122,113,108.9,47.6,51.5,14.8,17,37.1,27.1,31.7,16.7,3+,3+,,TRUE
LAC,LAL,10/22/19,LAL,3.5,LAC,112,102,117.9,106.3,58.6,51.2,14.7,15.6,25.6,26.5,21,17.6,3+,3+,,
CHA,CHI,10/23/19,CHI,3,CHA,126,125,120,120.2,64.2,51,18.1,11.5,25.6,40.4,14.9,17.1,3+,3+,,
ORL,CLE,10/23/19,ORL,8,ORL,94,85,94,85.9,48.3,42.1,13,16.2,16.7,23.7,12.8,11.2,3+,3+,,
IND,DET,10/23/19,IND,7.5,DET,119,110,107.9,115.5,50.6,59.6,14.9,17.5,26,27.5,22.5,33.8,3+,3+,,
MIA,MEM,10/23/19,MIA,7.5,MIA,120,101,104.3,88.6,51.2,45.5,18.3,21.1,25.5,23.6,38.8,22.5,3+,3+,,
PHI,BOS,10/23/19,PHI,5,PHI,107,93,103.9,91.2,47.6,40.6,16.5,10.8,32,20.3,31.3,22.2,3+,3+,,
BRK,MIN,10/23/19,BRK,3.5,MIN,127,126,107.7,107.7,55,48.6,13.7,11.1,20.7,25,15,20.4,3+,3+,,TRUE
DAL,WAS,10/23/19,DAL,8.5,DAL,108,100,104.9,94.3,53.3,45.7,19.4,16.2,18.2,24.6,35.5,16.3,3+,3+,,
SAS,NYK,10/23/19,SAS,10,SAS,120,111,109.2,100.9,54.8,52.1,19.3,12.7,22.2,12,34.9,13.8,3+,3+,,
UTA,OKC,10/23/19,UTA,9,UTA,100,95,100,94.1,47.8,44.6,11,15.8,20.4,21.8,15.6,25.3,3+,3+,,
PHX,SAC,10/23/19,SAC,1.5,PHX,124,95,112.7,86.2,55.6,44.8,12.7,24.8,24.5,28.8,15.5,19.5,3+,3+,,
POR,DEN,10/23/19,POR,1.5,DEN,108,100,98,104.9,45.4,53.1,19.6,19.4,30,24.5,24.1,27.2,3+,3+,,
DET,ATL,10/24/19,DET,1.5,ATL,117,100,102,116,47.1,57.6,14.3,13,25.5,23.8,23.5,21.2,3+,3+,,
HOU,MIL,10/24/19,HOU,1.5,MIL,117,111,101.8,107.3,45.6,54.5,12.8,10.1,19.4,15.5,32.2,9.1,3+,3+,,
GSW,LAC,10/24/19,LAC,1,LAC,141,122,113,133,47,73.8,12,18.9,31,18.2,29.9,28.8,3+,1,,
BOS,TOR,10/25/19,BOS,2.5,BOS,112,106,107.7,102.9,44.5,59,9.6,22.3,35.3,14,13.9,18.4,1,2,,
CHA,MIN,10/25/19,MIN,5,MIN,121,99,94.3,114.2,51.2,53.8,19,16,20.4,31.4,15.7,25.3,1,1,,
BRK,NYK,10/25/19,BRK,8,BRK,113,109,102.8,99.1,57.7,57.4,23.9,23.6,26.1,22.4,29.5,19.8,1,1,,
NOP,DAL,10/25/19,NOP,2,DAL,123,116,111.5,118.3,53.6,55.9,13.5,10.6,26.4,25,11.2,20.7,2,1,,
MEM,CHI,10/25/19,CHI,2,CHI,110,102,96.2,102.8,46.8,49.5,17,13.2,29.8,23.6,15.1,19.6,1,1,,
OKC,WAS,10/25/19,OKC,8.5,WAS,97,85,82.5,92.4,42.8,45.9,18.4,14.3,15.4,21.8,16.9,8.2,1,1,,
DEN,PHX,10/25/19,DEN,12,DEN,108,107,100.9,100.9,42.9,44.2,13.1,17,21.1,23.5,31.9,36.5,1,1,,TRUE
SAC,POR,10/25/19,POR,1.5,POR,122,112,106.7,117.3,51.1,60.6,16.2,15.4,25.5,19,26.4,22.4,1,1,,
LAL,UTA,10/25/19,LAL,3.5,LAL,95,86,99,90.5,44.2,47.1,14.6,24.2,27.8,17.1,22.4,29,2,1,,
MIL,MIA,10/26/19,MIL,11.5,MIA,131,126,102.5,106.5,52.7,53.5,14.8,14.6,7.1,23,28.7,22.8,1,2,,TRUE
DET,PHI,10/26/19,PHI,4,PHI,117,111,103.7,106.4,59.2,55.7,21.5,20.2,18.6,26.1,27.6,23.5,1,2,,
ATL,ORL,10/26/19,ORL,2.5,ATL,103,99,101,98,56.5,37.9,17.6,9.9,19.5,31.2,9.5,24.2,1,2,,
NYK,BOS,10/26/19,BOS,5,BOS,118,95,92.2,113.6,43.1,53.2,25.5,12.6,38.9,26.8,32.5,20.7,0,0,,
CLE,IND,10/26/19,IND,4.5,CLE,110,99,110,99,56.9,50.6,19,17,32.6,20.8,24.4,12.8,2,2,,
CHI,TOR,10/26/19,TOR,3,TOR,108,84,79.2,100.9,34.5,55.5,14.2,22.4,23.9,22.7,17.5,20.7,0,0,,
HOU,NOP,10/26/19,HOU,11.5,HOU,126,123,113.6,110.8,52.7,55,17.3,15.3,27.5,24.1,28.7,13.1,1,0,,
SAS,WAS,10/26/19,SAS,11.5,SAS,124,122,124,123.2,50.9,57.9,9,13.1,42.1,31.4,13,12.6,2,0,,
UTA,SAC,10/26/19,UTA,9,UTA,113,81,115.3,82.7,67.9,41.4,21.4,18.4,17.1,16,9.2,17.3,0,0,,
PHX,LAC,10/26/19,LAC,10,PHX,130,122,125,116.3,59.9,52.3,15.4,11.5,27.7,23.1,31.4,35.6,0,1,,
OKC,GSW,10/27/19,OKC,1,OKC,120,92,112.5,88.5,65.2,35.3,22.1,14.4,21.6,27.4,21.5,30,1,2,,
MEM,BRK,10/27/19,BRK,4,MEM,134,133,115.5,113.7,55.3,51,10.3,14.5,21.4,29.5,19.4,30,1,1,,TRUE
DAL,POR,10/27/19,DAL,2.5,POR,121,119,111.2,113.1,46.3,56.9,11.2,15,27.9,22.2,35.2,25.3,1,1,,
MIN,MIA,10/27/19,MIN,7,MIN,116,109,112.6,105.8,50,58.2,15.5,22.3,32.7,25.6,27.5,11.9,1,0,,
LAL,CHA,10/27/19,LAL,13.5,LAL,120,101,117.6,100,58.6,44,13.7,15.8,26.1,29.8,12,23.3,1,1,,
NYK,CHI,10/28/19,CHI,2,NYK,105,98,110.5,103.2,46.7,47.6,17.9,10.6,45.8,21.2,22.2,18.8,1,1,,
DET,IND,10/28/19,IND,2,DET,96,94,100,98.9,53.7,44.7,20.8,8.4,22.2,24.1,11.1,10.6,1,1,,
ATL,PHI,10/28/19,PHI,6.5,PHI,105,103,98.1,100,48.2,48.3,20,21,26.9,26.9,26.2,22.7,1,1,,
TOR,ORL,10/28/19,TOR,5,TOR,104,95,99,91.3,44.7,44.9,16.2,15.4,19.6,14.5,32.9,17,1,1,,
NOP,GSW,10/28/19,NOP,2.5,GSW,134,123,110.9,121.8,53.9,55.8,13.6,16.4,25,42.9,11.9,17.5,1,0,,
MIL,CLE,10/28/19,MIL,15.5,MIL,129,112,122.9,105.7,61.4,51,11.4,11.4,20.8,20,17.4,10.1,1,1,,
HOU,OKC,10/28/19,HOU,10,HOU,116,112,110.7,108.7,48.9,50.5,13.6,14.6,24.5,33.3,31.1,18.1,1,0,,
SAS,POR,10/28/19,SAS,6,SAS,113,110,104.6,100.9,52.4,44,16.7,9.2,18,23.3,28.2,22.2,1,0,,
PHX,UTA,10/28/19,UTA,5,UTA,96,95,92.2,92.3,49.4,45.1,15.5,22.1,6.5,21.3,20,45.1,1,1,,
SAC,DEN,10/28/19,DEN,5,DEN,101,94,102.2,107.5,46.2,41.8,14.1,12.9,32.2,43.3,11,19.6,1,2,,
LAC,CHA,10/28/19,LAC,15.5,LAC,111,96,109,96,55.4,51.8,21.8,22,27.9,23.4,23.2,12.2,1,0,,
MIA,ATL,10/29/19,MIA,8.5,MIA,112,97,106.7,93.3,54.1,48.8,26.7,19.2,38.6,22,45.8,19.3,0,0,,
DEN,DAL,10/29/19,DEN,5,DAL,109,106,115.2,117.2,53.3,56.5,12,9.7,32,21.6,10,16.7,0,1,,
LAL,MEM,10/29/19,LAL,11.5,LAL,120,91,110.1,84.3,50.6,36.3,16.5,19.4,27.1,27,38.4,23.2,1,1,,
ORL,NYK,10/30/19,ORL,9.5,ORL,95,83,106.7,93.3,48.9,42.1,10.1,12.4,28.8,23.5,10.2,17.5,1,1,,
CLE,CHI,10/30/19,CHI,2,CLE,117,111,121.9,114.4,59,51.1,19.8,7.2,35,23.1,32.1,21.3,1,1,,
PHI,MIN,10/30/19,PHI,7,PHI,117,95,105.4,85.6,51.6,45.7,19.8,19.8,36,14,31,35,1,2,,
BOS,MIL,10/30/19,MIL,3.5,BOS,116,105,112.9,104,53.8,54.9,9.9,15,20.4,14.3,18.7,18.3,3+,1,,
BRK,IND,10/30/19,BRK,3,IND,118,108,108,115.8,49.5,52.6,20,8.9,41.4,25.5,17.2,17.7,2,1,,
TOR,DET,10/30/19,TOR,9.5,TOR,125,113,120.4,107.7,66.9,54.5,14.6,19.2,8.3,27.7,11.6,19.8,1,1,,
OKC,POR,10/30/19,POR,1.5,POR,102,99,93.4,95.3,41.7,49.4,17.9,17.8,27.3,20,34.5,20,1,1,,
WAS,HOU,10/30/19,HOU,8,HOU,159,158,140.2,142,73.6,64.6,17,11.6,28.9,35.8,26.4,25.2,3+,1,,
SAC,CHA,10/30/19,SAC,7.5,CHA,118,111,108.8,115.7,53.1,64.3,14.7,20.5,28.3,26.2,9.4,12,1,1,,
UTA,LAC,10/30/19,UTA,7,UTA,110,96,111.1,98,61.9,52.4,15.2,20.4,10.8,22.7,13.9,12.2,1,1,,
GSW,PHX,10/30/19,GSW,5,PHX,121,110,103.8,112.1,48.8,53.6,15.1,15.9,18.8,31.5,37,18.9,1,1,,
ATL,MIA,10/31/19,MIA,6.5,MIA,106,97,100,109.3,44.9,56,16.5,14.4,36.4,23.9,20.9,14.3,1,1,,
NOP,DEN,10/31/19,DEN,4,NOP,122,107,118.4,104.9,63,52.2,15.5,14.7,13.2,19.1,33.3,15.7,2,1,,
LAC,SAS,10/31/19,LAC,5,LAC,103,97,102,96,45.6,49.4,11.9,17.8,26.3,19.6,22,23.1,0,2,,
IND,CLE,11/01/19,IND,7,IND,102,95,95.3,89.6,43.2,43.1,12.1,15.1,24.6,16.9,20,23,1,1,,
BRK,HOU,11/01/19,HOU,4.5,BRK,123,116,111.8,105.5,60.6,47.5,20,10.9,26.7,22,23.5,22.2,1,1,,
ORL,MIL,11/01/19,MIL,4.5,MIL,123,91,87.5,118.3,44,59.7,15.4,13.5,18.6,23.4,12.2,12.9,1,1,,
BOS,NYK,11/01/19,BOS,9,BOS,104,102,107.2,103.1,52,47.3,14.4,13.3,7.5,28.8,36.5,15.1,1,1,,
CHI,DET,11/01/19,CHI,4,CHI,112,106,109.9,102.9,52.8,51.8,16.8,15.7,28.3,25,20.2,21.4,1,1,,
DAL,LAL,11/01/19,LAL,1,LAL,119,110,99.1,107.2,46.1,53.6,20.7,9.9,38.5,13.7,15.7,16.7,2,2,,TRUE
SAC,UTA,11/01/19,UTA,4.5,SAC,102,101,108.5,107.4,53.6,55.5,18.1,18.1,28.3,25,14.3,27.4,1,1,,
GSW,SAS,11/01/19,SAS,7,SAS,127,110,111.1,127.3,54.2,54.3,11.1,11.1,15.6,34.6,22.6,28,1,0,,
OKC,NOP,11/02/19,OKC,2.5,OKC,115,104,110.6,101,53.9,48.4,11.5,15.5,20,33.3,20,13.8,1,1,,
DET,BRK,11/02/19,BRK,4,DET,113,109,109.8,105.8,49.5,51.6,7.8,14.6,19.2,26.5,25.6,14.3,0,0,,
ORL,DEN,11/02/19,DEN,4,DEN,91,87,92.6,96.8,46.5,43.2,17,14.9,24.5,23.5,8.2,38.4,0,1,,
MIL,TOR,11/02/19,MIL,6.5,MIL,115,105,116.2,105,53.4,49.4,12.1,14,25.5,17.6,22.5,26.5,0,2,,
MEM,PHX,11/02/19,PHX,3,PHX,114,105,102.9,110.8,54.1,58,19.6,16.7,28.9,22.2,14,13.6,2,2,,
WAS,MIN,11/02/19,WAS,3,MIN,131,109,95.6,113.9,45.3,63.3,14.9,19.1,19.7,20.5,24.2,12.9,2,2,,
GSW,CHA,11/02/19,CHA,6,CHA,93,87,95.6,101.1,50,45.3,19.8,14.1,20.5,32.7,13.2,19.3,0,2,,
POR,PHI,11/02/19,PHI,1,PHI,129,128,121.9,121.7,69.9,55.6,17.1,10.4,10.8,30.8,24.4,9.3,2,2,,
IND,CHI,11/03/19,IND,2,IND,108,95,103.9,91.3,51.8,47.1,17.5,17.3,24.5,24.1,23.5,16.7,1,1,,
MIA,HOU,11/03/19,HOU,3,MIA,129,100,118.3,92.6,62.9,48.1,16.5,20.4,19,13.7,19.3,30.8,2,1,,
NYK,SAC,11/03/19,SAC,1.5,SAC,113,92,96.8,116.5,45,57.1,13.7,13.4,22.6,27.7,25,18.8,1,1,,
SAS,LAL,11/03/19,LAL,1.5,LAL,103,96,93.2,99,43.4,51.7,17.5,17.3,21.2,18,29.3,15.1,1,1,,
CLE,DAL,11/03/19,DAL,5.5,DAL,131,111,112.1,133.7,50,63.8,9.1,14.3,27.6,34.1,15.6,11.7,1,1,,
LAC,UTA,11/03/19,LAC,4.5,LAC,105,94,109.4,97.9,42.9,46.2,9.4,15.6,39.3,23.1,28.3,28.2,2,1,,
WAS,DET,11/04/19,WAS,4,WAS,115,99,115.3,102.1,50.5,49.4,12.2,21.6,31.4,34.7,22.6,22,1,1,,
BRK,NOP,11/04/19,BRK,3.5,BRK,135,125,121.6,111.6,62,56.2,20.7,18.8,34.8,27.5,22.8,16.7,1,1,,
MEM,HOU,11/04/19,HOU,6,HOU,107,100,96.2,99,44.1,46.8,14.4,16.2,28.6,31.1,18.1,21.7,1,0,,
MIN,MIL,11/04/19,MIL,7.5,MIL,134,106,95.5,119.6,42.2,61.3,14.4,15.2,25.8,23.9,18.4,21.7,1,1,,
PHX,PHI,11/04/19,PHX,1,PHX,114,109,109.6,102.8,60.4,54.5,19.2,18.9,17.9,23.1,27.3,13.6,1,1,,
GSW,POR,11/04/19,POR,12,GSW,127,118,125.7,117,54.7,51,9.9,6,30.2,31,38.8,10.6,1,1,,
CLE,BOS,11/05/19,BOS,6,BOS,119,113,109.7,115.5,48.4,63.5,8.7,13.6,25,13.2,20.8,12.9,1,3+,,
CHA,IND,11/05/19,IND,2.5,CHA,122,120,115.1,113.2,53.4,60.6,12.3,17,23.5,19,31.8,6.5,2,1,,TRUE
ATL,SAS,11/05/19,SAS,6,ATL,108,100,104.9,97.1,53.9,46.2,17.5,14.7,28.3,26.3,12.2,17.8,3+,1,,
CHI,LAL,11/05/19,LAL,7,LAL,118,112,107.7,112.4,58.8,54.9,15.4,15.2,17,25.5,14.1,18.9,1,1,,
OKC,ORL,11/05/19,OKC,2.5,OKC,102,94,107.4,100,50,40.9,9.5,14.9,20.4,33.3,18.6,33.3,2,2,,
DEN,MIA,11/05/19,DEN,5,DEN,109,89,112.4,90.8,57.6,41.5,20.6,15.3,24.4,28.8,11.6,18.2,2,1,,
IND,WAS,11/06/19,IND,3,IND,121,106,116.5,102.9,53.2,45.8,12.6,16.5,29.4,33.3,22.3,20.2,0,1,,
DET,NYK,11/06/19,DET,3.5,DET,122,102,122.4,103,65.2,55.6,17.3,14.1,24.3,11.9,24.4,16.3,1,2,,
HOU,GSW,11/06/19,HOU,16,HOU,129,112,126.5,109.8,60.3,46.4,12.7,10.8,29.4,30.5,12.4,24.2,1,1,,
ATL,CHI,11/06/19,ATL,1,CHI,113,93,86.1,104.6,44.6,57.9,22.2,18.5,14.6,17.4,26.5,22.2,0,0,,
TOR,SAC,11/06/19,TOR,8,TOR,124,120,122.8,116.7,64.1,54.7,13.9,13.7,13.5,29.8,30.8,16.8,3+,2,,
MEM,MIN,11/06/19,MIN,3.5,MEM,137,121,128,113.1,63.6,53.1,15.9,10.3,31.7,23.6,28.4,20,1,1,,
DAL,ORL,11/06/19,DAL,7,DAL,107,106,108.1,106,49.4,52.5,17.2,18,30,24,28.6,27.8,2,0,,
UTA,PHI,11/06/19,UTA,2.5,UTA,106,104,107.1,105.1,50.6,46.2,13.1,16.2,30.2,26.5,18,37.5,2,1,,
LAC,MIL,11/06/19,MIL,6.5,MIL,129,124,107.8,110.3,48.5,52,16.5,12.8,30,25,29.6,27.6,2,1,,
CHA,BOS,11/07/19,BOS,7,BOS,108,87,81.1,101.9,41.9,48.4,19.8,12.4,21.8,21.8,17.4,19.4,1,1,,
SAS,OKC,11/07/19,SAS,5,SAS,121,112,124.7,114.3,59,58.8,13.4,13.3,34.9,12.2,10.6,22.5,1,1,,
PHX,MIA,11/07/19,PHX,2,MIA,124,108,108,121.8,50.6,64,15,14.9,27.5,16.2,27.4,23.8,2,1,,
LAC,POR,11/07/19,LAC,5.5,LAC,107,101,100.9,96.2,46.1,42.8,16,13.3,30.8,30.3,28.1,11.5,0,2,,
ORL,MEM,11/08/19,ORL,7.5,ORL,118,86,116.8,86,51.1,43.6,8.9,18,29.4,16.4,24.7,12.8,1,1,,
WAS,CLE,11/08/19,WAS,5,CLE,113,100,101,112.1,50.5,48.9,19.2,13.1,38.5,37.3,3.1,27.8,1,2,,
IND,DET,11/08/19,IND,6,IND,112,106,116.7,109.3,54.2,52.9,13.5,17.5,25.6,29.2,26.5,17.6,1,1,,
ATL,SAC,11/08/19,SAC,3,SAC,121,109,117.2,130.4,58,67.1,14,16.3,34.9,28.6,9.2,25.3,1,1,,
MIN,GSW,11/08/19,MIN,11.5,MIN,125,119,105,99.2,47.3,46.6,15.1,16,36.4,24.6,18,22.8,1,1,,TRUE
NOP,TOR,11/08/19,TOR,2,TOR,122,104,94.5,111.9,45.5,54.3,16.5,15.6,26.2,22.6,14.3,22.6,3+,1,,
DAL,NYK,11/08/19,DAL,11,NYK,106,102,101,103.9,48.9,49.4,12.9,11.8,15.1,25.9,15.7,20.5,1,1,,
DEN,PHI,11/08/19,DEN,5,DEN,100,97,102.1,98,50,51.7,10.3,18.4,18,26.9,14.9,9.3,2,1,,
UTA,MIL,11/08/19,MIL,2,UTA,103,100,97.2,94.3,49.4,41.1,18.9,12.3,21.2,25,24.1,23.2,1,1,,
POR,BRK,11/08/19,POR,3.5,BRK,119,115,115,119,46.9,49.5,11,9,33.9,36.5,25,21.2,0,3+,,
LAL,MIA,11/08/19,LAL,8.5,LAL,95,80,100,85.1,49.4,38.8,18.9,13.8,31.2,20.8,7.9,22.5,2,0,,
SAS,BOS,11/09/19,SAS,2,BOS,135,115,107.5,128.6,46.5,58.5,14.2,8.6,36.5,18.4,23.2,26.6,1,1,,
CHA,NOP,11/09/19,NOP,1.5,NOP,115,110,101.9,106.5,47.7,62.7,20.6,24.1,32.1,25,29.5,28,1,0,,
MEM,DAL,11/09/19,DAL,5.5,DAL,138,122,115.1,129,58.9,62.9,15.1,14,25.5,32.6,10.6,16.5,0,0,,
CHI,HOU,11/09/19,HOU,6.5,HOU,117,94,86.2,108.3,39.8,58.4,13.8,22.2,21.3,22.4,16.3,24.1,2,2,,
OKC,GSW,11/09/19,OKC,12.5,OKC,114,108,114,106.9,63.3,53.5,19,14.9,18.4,14.6,17.7,20.2,1,0,,
MIN,DEN,11/10/19,DEN,3.5,DEN,100,98,92.5,93.5,38.1,44.1,12.3,18.7,29.7,33.3,24.7,11,1,1,,TRUE
ORL,IND,11/10/19,ORL,4.5,IND,109,102,110.9,118.5,54.5,57.1,12,9.8,23.4,29.5,5.6,4.3,1,1,,
PHI,CHA,11/10/19,PHI,14,PHI,114,106,114,107.1,60.7,53.6,21,13.1,30,16.7,14.3,19,1,0,,
OKC,MIL,11/10/19,MIL,9,MIL,121,119,109.3,113.1,58.8,63.3,13.9,20.6,10.4,16.2,13.2,19.3,0,1,,
NYK,CLE,11/10/19,NYK,2.5,CLE,108,87,87.9,109.2,41.3,48.8,21.2,14.3,35.1,22.9,19,34.1,1,1,,
PHX,BRK,11/10/19,PHX,3,PHX,138,112,128,105.7,62.1,52.7,6.5,16,19.1,19.1,15.3,17.8,2,1,,
POR,ATL,11/10/19,POR,9,POR,124,113,107.8,100,49,45.7,14.8,14.2,33.9,28.8,21.2,17.3,1,1,,TRUE
LAL,TOR,11/10/19,LAL,10.5,TOR,113,104,103,111.9,48.9,55.1,11.9,14.9,27.8,23.5,12.8,16.9,1,1,,
DET,MIN,11/11/19,DET,4,MIN,120,114,114,120,54,59,17,17,29.2,29.8,23.3,16.9,1,1,,
BOS,DAL,11/11/19,BOS,3,BOS,116,106,124.7,112.8,56.4,47.8,9.7,8.5,27.1,31.5,22.1,23.6,1,1,,
SAS,MEM,11/11/19,SAS,10.5,MEM,122,116,109,115.3,53.3,56.9,14,11.2,18.8,20,14.6,16.1,1,1,,
NOP,HOU,11/11/19,HOU,7.5,HOU,113,109,103.7,109.2,50.5,58.8,15.6,17.4,27.6,20,18.5,24.1,1,1,,
GSW,UTA,11/11/19,UTA,8,UTA,122,108,106.9,117.8,53.2,59.3,9.9,11.9,18.4,15.9,8.7,33.3,1,2,,
LAC,TOR,11/11/19,LAC,9.5,LAC,98,88,93.2,86.3,41.3,46.5,21.4,14.7,41,13.2,24.2,10.7,3+,0,,
PHI,CLE,11/12/19,PHI,11,PHI,98,97,103.2,102.1,49.4,47.1,14.7,14.7,26,26.5,11.2,18.6,1,1,,
IND,OKC,11/12/19,IND,1.5,IND,111,85,111,85,52.7,39.5,15,16,31.2,19.2,12.8,26.3,1,1,,
MIA,DET,11/12/19,MIA,9,MIA,117,108,117,110.2,62.3,53.2,20,16.3,34.2,24,27.6,32.1,3+,0,,
CHI,NYK,11/12/19,CHI,6.5,CHI,120,102,115.5,98.1,59.3,46.6,19.4,17.5,30.2,26.8,29.6,23,2,1,,
DEN,ATL,11/12/19,DEN,10.5,ATL,125,121,121,126.3,49.5,62,3,15.2,29.8,36.6,17.3,26.5,1,1,,
PHX,LAL,11/12/19,LAL,3.5,LAL,123,115,115,123,56,58.9,11,10,18.8,26.5,14.4,11.7,1,1,,
UTA,BRK,11/12/19,UTA,6.5,UTA,119,114,114.4,109.6,50,51.7,10.6,16.3,30,29.4,29.7,23.3,0,1,,
SAC,POR,11/12/19,POR,1.5,SAC,107,99,109.2,101,50.6,49.4,14.3,17.3,27.5,17.8,23.5,29.9,3+,1,,
CHA,MEM,11/13/19,CHA,2.5,MEM,119,117,112.5,114.4,58,62.8,14.4,22.1,18.2,27.9,17.2,6.7,2,1,,
ORL,PHI,11/13/19,ORL,2.5,ORL,112,97,106.8,93.3,50,48.4,12.6,14.4,23.5,19.6,30.2,9.9,2,0,,
BOS,WAS,11/13/19,BOS,7,BOS,140,133,129.6,125.5,59.4,57.8,11.1,8.5,31.9,19.1,27.4,22.9,1,3+,,
HOU,LAC,11/13/19,HOU,2.5,HOU,102,93,99,92,46.5,43.9,10,13,19.3,25,25.6,7.1,1,1,,
MIN,SAS,11/13/19,MIN,1.5,MIN,129,114,123.1,107.6,55.5,50.6,9.6,11.4,30,22,30.8,25.6,1,1,,
LAL,GSW,11/13/19,LAL,8.5,LAL,120,94,120,93.9,59,45.5,19,17.2,42.9,27.3,16.9,14.6,0,1,,
POR,TOR,11/13/19,POR,2.5,TOR,114,106,106.1,116.3,48.4,53.3,12.1,14.3,29.8,32,14,17.4,0,1,,
CLE,MIA,11/14/19,MIA,4.5,MIA,108,97,98,110.2,47.1,62,18.4,19.4,25.5,16.7,20.2,12.8,1,1,,
NOP,LAC,11/14/19,LAC,4,NOP,132,127,125.7,119.8,57.1,61.3,14.3,15.1,40,15.4,20.4,28.9,2,0,,
NYK,DAL,11/14/19,DAL,7.5,NYK,106,103,111.6,107.3,51.6,47.6,15.8,12.5,37.7,24.1,9.6,27.4,1,2,,
MIL,CHI,11/14/19,MIL,11.5,MIL,124,115,107,100,51.1,50.5,19.1,17.4,31.5,20.8,38.6,23.1,3+,1,,
PHX,ATL,11/14/19,PHX,8,PHX,128,112,112.5,100,57.1,48.8,17.9,19.6,21.7,32.7,35.3,26.4,1,1,,
DEN,BRK,11/14/19,DEN,7.5,DEN,101,93,101,93.9,47.5,42.1,7.1,7.1,23,16.7,5,13.7,1,1,,
CHA,DET,11/15/19,DET,3.5,CHA,109,106,113.5,110.5,51.6,58.6,11.5,22.1,32.7,27.5,10.6,13.8,1,2,,
ORL,SAS,11/15/19,ORL,2.5,ORL,111,109,118.1,117.2,48.3,57.9,10.6,11.8,32.1,22.2,31.4,6.7,1,1,,
MIN,WAS,11/15/19,MIN,5.5,WAS,137,116,103.6,121.6,53.4,59,18,12.6,22,27.1,23.6,19.2,1,1,,
MEM,UTA,11/15/19,UTA,7.5,MEM,107,106,102.9,102.9,50,45.4,10.6,14.7,19.2,26.9,11.6,31,1,2,,
OKC,PHI,11/15/19,PHI,3.5,OKC,127,119,123.3,116.7,60.5,57.8,12.6,15.7,15.8,33.3,46.1,16.7,2,2,,TRUE
HOU,IND,11/15/19,HOU,6,HOU,111,102,110,102,48.3,50,8,17,20,25.5,28.4,24.7,1,2,,
LAL,SAC,11/15/19,LAL,10.5,LAL,99,97,107.6,104.3,48.8,53.7,14.1,19.4,25,23.9,25,11.1,1,2,,
GSW,BOS,11/15/19,BOS,7,BOS,105,100,96.2,101.9,44.5,47.8,19.2,13.6,27.5,20.7,33.8,20,1,1,,
CHI,BRK,11/16/19,CHI,4,BRK,117,111,102.8,108.3,40.1,51.1,18.5,13.9,36.7,17.6,41.8,30.7,1,1,,
IND,MIL,11/16/19,MIL,7.5,MIL,102,83,80.6,101,38,50.5,14.6,14.9,25,24.1,7.1,5.2,0,1,,
NYK,CHA,11/16/19,NYK,4,CHA,103,102,113.3,114.4,48.8,51.1,12.2,11.1,35.3,28.8,20.9,16.1,1,0,,
MIN,HOU,11/16/19,MIN,2.5,HOU,125,105,106.1,125,52.4,55.9,19.2,11,31.9,29.4,20.5,21.3,0,0,,
MIA,NOP,11/16/19,MIA,8,MIA,109,94,113.5,97.9,59.9,54.9,22.9,18.8,35.1,17.8,14.8,4.9,1,1,,
DAL,TOR,11/16/19,DAL,4.5,DAL,110,102,105.8,100,47.22,51.1,12.6,14.7,28.8,15.1,30.7,12.4,1,2,,
SAS,POR,11/16/19,SAS,1.5,POR,121,116,111.5,112.4,49.4,52.2,9.6,11.4,18.4,21.6,33,26.1,0,2,,
LAC,ATL,11/16/19,LAC,9,LAC,150,101,137.6,93.5,62.9,41.1,19.3,17.6,45.5,29.5,35.9,30,1,1,,
CLE,PHI,11/17/19,PHI,7,PHI,114,95,93.1,114,41.1,60.1,14.7,14,25,12.5,23.6,15.5,2,1,,
SAC,BOS,11/17/19,BOS,3,SAC,100,99,105.3,103.1,50.6,47.6,12.6,15.6,23.1,22.9,11.2,25.6,1,1,,
ORL,WAS,11/17/19,ORL,5.5,ORL,125,121,122.5,119.8,58,57.2,13.7,8.9,27.9,19.2,27.6,10.3,1,1,,
MEM,DEN,11/17/19,DEN,6.5,DEN,131,114,109.6,126,56,65.2,15.4,11.5,20.5,17.4,23.8,16.9,1,2,,
NOP,GSW,11/17/19,NOP,3.5,NOP,108,100,109.2,100,51.7,44.5,15.3,12.1,26.4,26.4,18,21.1,0,1,,
LAL,ATL,11/17/19,LAL,14,LAL,122,101,119.8,100,61.2,47.7,16.8,18.8,30.2,30,14.6,22.6,1,0,,
NYK,CLE,11/18/19,NYK,2,NYK,123,105,128.1,110.5,49,58.6,7.3,21.1,43.1,31.1,27.6,21.1,1,0,,
TOR,CHA,11/18/19,TOR,9,TOR,132,96,134.7,98,61.9,51.9,11.2,20.4,36.2,21.3,12.5,19.5,1,1,,
BRK,IND,11/18/19,BRK,4,IND,115,86,87.8,118.6,42.3,50.5,10.2,10.3,15.8,37.3,17.9,12.9,1,1,,
HOU,POR,11/18/19,HOU,7.5,HOU,132,108,121.3,100.9,55.5,47.4,14.8,16,33.3,27.9,21,17.7,1,1,,
CHI,MIL,11/18/19,MIL,6,MIL,115,101,97.1,110.6,46.4,55.5,14.4,14.4,25.9,20.8,11.3,29.3,1,1,,
DAL,SAS,11/18/19,DAL,5,DAL,117,110,120.6,114.6,60.1,50,13.4,10.4,22.7,34.6,19.3,14.6,1,1,,
PHX,BOS,11/18/19,PHX,3.5,BOS,99,85,85.9,98,46.3,48.3,19.2,16.8,16,25,11,14.6,3,0,,
UTA,MIN,11/18/19,UTA,9.5,MIN,112,102,95.3,103.7,42.7,53.9,13.1,13.9,21.9,10.4,20.8,18,2,1,,
LAC,OKC,11/18/19,LAC,8.5,LAC,90,88,94.7,93.6,46,42,17.9,18.1,27.8,22.9,11.9,33.8,1,2,,
MEM,GSW,11/19/19,MEM,6.5,GSW,114,95,96.9,114,46,52.8,14.3,15,20.4,32.6,15.9,21.1,1,1,,
NOP,POR,11/19/19,POR,1,NOP,115,104,111.7,102,51.1,52.2,12.6,16.7,30.2,24.5,21.5,8.7,1,0,,
SAC,PHX,11/19/19,SAC,3,SAC,120,116,115.5,112.6,61.4,49.4,18.4,11.7,24.3,30.2,29.1,31.5,1,0,,
LAL,OKC,11/19/19,LAL,11,LAL,112,107,114.4,110.3,56.2,53.1,16.5,16.5,32,25.6,13.5,27.8,1,0,,
PHI,NYK,11/20/19,PHI,12.5,PHI,109,104,112.4,107.2,51.1,55.4,10.3,14.4,26.4,22.2,20.2,13.3,2,1,,
WAS,SAS,11/20/19,SAS,2,WAS,138,132,131.4,122.4,68.5,59.1,16.2,11.2,25,26.7,13,23.9,2,1,,
DAL,GSW,11/20/19,DAL,14.5,DAL,142,94,142,94,69.7,43.3,13,10,32.5,20.3,20.2,18,1,0,,
ATL,MIL,11/20/19,MIL,11,MIL,135,127,112.5,118.8,53.1,62.6,11.6,17,19.2,21.3,26.3,29.9,2,1,,
TOR,ORL,11/20/19,TOR,3.5,TOR,113,97,116.5,99,57.6,43.4,13.4,14.3,27.9,31.7,16.3,19.8,1,2,,
MIA,CLE,11/20/19,MIA,10,MIA,124,100,120.4,97.1,64.7,49.4,23.3,18.4,39,22.4,29.9,16.1,3,1,,
BRK,CHA,11/20/19,BRK,4.5,BRK,101,91,100,91,45.6,43.8,16.8,16,31.5,17,21.6,24.7,1,1,,
MIN,UTA,11/20/19,UTA,3,UTA,103,95,97.9,106.3,47.2,48.8,14.4,11.5,27.3,25.5,12.4,22.1,1,1,,
CHI,DET,11/20/19,DET,1,CHI,109,89,109,89,50.5,38.6,15,17,31.5,23.7,18.7,30.1,1,3+,,
DEN,HOU,11/20/19,DEN,1,DEN,105,95,108.2,96.9,51.6,50,15.5,21.6,34,27.7,8.5,23.7,2,1,,
LAC,BOS,11/20/19,LAC,7.5,LAC,107,104,98.1,97.2,51.1,45.2,21.5,16.8,29.6,34.4,13,9.7,1,1,,TRUE
MIL,POR,11/21/19,MIL,14,MIL,137,129,129.2,121.7,54.7,56.8,11.3,7.5,41.4,22.6,19.8,11.8,0,1,,
PHX,NOP,11/21/19,PHX,4.5,NOP,124,121,116.5,119.2,54.1,62.5,13.6,17.3,25,30.2,32.6,16.1,1,1,,
WAS,CHA,11/22/19,WAS,6,WAS,125,118,119,112.4,60.4,59.1,10.5,15.2,13,17.8,16.7,8.6,1,1,,
DET,ATL,11/22/19,DET,6,DET,128,103,129.3,106.2,70.1,48.9,19.2,20.6,35.1,34,16,19.8,1,1,,
BRK,SAC,11/22/19,BRK,2,BRK,116,97,116,96,58,47.7,18,15.8,33.3,18.8,27.2,17.4,2,1,,
CHI,MIA,11/22/19,MIA,4.5,MIA,116,108,109.1,116.2,51.1,58.2,13.1,19.2,26,31.7,17.8,30.4,1,1,,
PHI,SAS,11/22/19,PHI,7.5,PHI,115,104,116.2,105.1,57.3,54.1,15.2,11.1,32.6,11.1,14.6,14.1,1,1,,
OKC,LAL,11/22/19,LAL,4.5,LAL,130,127,124.5,124,58.6,60.8,11.8,15.4,22.2,28.3,19.6,26.4,2,2,,
DAL,CLE,11/22/19,DAL,10,DAL,143,101,150.5,105.2,68,50,5.3,10.4,31,16.3,7,17.4,1,1,,
DEN,BOS,11/22/19,DEN,4.5,DEN,96,92,99,94.8,48.3,45.1,18.6,13.4,31.4,16.3,12.5,23.5,1,1,,
UTA,GSW,11/22/19,UTA,16,UTA,113,109,110.9,108,58.8,52.1,20.8,9,29.5,16,15.5,11.7,1,1,,
LAC,HOU,11/22/19,LAC,4.5,LAC,122,119,114,110.2,59.2,55.4,17.8,13.9,25,21.2,21.8,31,1,1,,
CHA,CHI,11/23/19,CHI,2,CHI,116,115,115.2,118.4,62.5,56.8,20.2,13.3,30,31.5,19,8.4,0,0,,
MIN,PHX,11/23/19,MIN,4.5,PHX,100,98,96.1,99,48.4,39.6,13.7,6.9,21.4,22.2,11.1,25,2,0,,
IND,ORL,11/23/19,IND,6.5,IND,111,106,113.3,108.2,60.8,53.8,19.4,14.3,23.5,22.9,19,7.6,3+,2,,
NYK,SAS,11/23/19,SAS,3,SAS,111,104,104,112.1,51.1,61.3,11,22.2,20,24.4,9.7,25.3,2,0,,
ATL,TOR,11/23/19,TOR,7.5,TOR,119,116,116,119,60,52.8,15,17,20.9,33.3,9.1,29.5,0,2,,
PHI,MIA,11/23/19,PHI,5,PHI,113,86,120.2,90.5,59,44,16,18.9,26.8,24,18.1,26.7,0,0,,
CLE,POR,11/23/19,POR,4,CLE,110,104,111.2,107.2,48.8,52.9,13.3,10.3,30.6,13.7,30.6,14.1,0,1,,
MEM,LAL,11/23/19,LAL,7.5,LAL,109,108,110.2,110.1,56.2,53,22.4,16.2,35.4,28,9,24.1,3,0,,
MIL,DET,11/23/19,MIL,10,MIL,104,90,101,89.1,56.5,46.2,20.6,15.8,24.5,18.2,10.7,6.6,1,0,,
UTA,NOP,11/23/19,UTA,5.5,UTA,128,120,120.8,110.2,60.4,50,17,9.3,22,21.2,35.4,19,0,1,,
HOU,DAL,11/24/19,HOU,5.5,DAL,137,123,113.9,124.5,51,56.9,10.2,12.7,26.3,26.8,23.5,21.8,1,1,,
WAS,SAC,11/24/19,WAS,3.5,SAC,113,106,105,111.9,52.7,54.9,16.8,13.9,29.4,18.6,9.8,30,1,1,,
NYK,BRK,11/24/19,BRK,2.5,BRK,103,101,107.4,106.3,57.5,49.4,20.2,12.6,26.1,22.4,11.3,35.1,0,1,,
DEN,PHX,11/24/19,DEN,10.5,DEN,116,104,126.1,111.8,54.9,57.3,12,12.9,39.2,17.5,17.6,12.2,1,0,,
LAC,NOP,11/24/19,LAC,12,LAC,134,109,131.4,106.9,55.1,50.5,7.8,8.8,32.8,22.4,26.5,10.3,1,0,,
CLE,BRK,11/25/19,CLE,1,BRK,108,106,111.6,114.9,49.5,52.7,12.6,10.6,35.1,30,14,9.8,1,0,,
DET,ORL,11/25/19,DET,4.5,DET,103,88,109.6,91.7,51.9,42.9,16,10.4,23.4,20.8,26.9,19,1,1,,
IND,MEM,11/25/19,IND,10,IND,126,114,123.5,114,63.8,54.1,12.7,9,26.7,23.1,6.4,9.3,1,1,,
ATL,MIN,11/25/19,MIN,4.5,MIN,125,113,106.6,117.9,48.9,53.9,17,13.2,33.3,27.5,22.3,31.1,1,1,,
TOR,PHI,11/25/19,PHI,1.5,TOR,101,96,107.4,102.1,51.8,49.4,10.6,17,20.8,32.7,16.9,10.2,1,1,,
MIA,CHA,11/25/19,MIA,10.5,MIA,117,100,118.2,103.1,60.4,46.6,19.2,14.4,29.7,24.6,31.2,21.8,1,1,,
BOS,SAC,11/25/19,BOS,6,BOS,103,102,114.4,112.1,48.8,58.2,13.3,18.7,38.3,30.2,23.5,12.7,2,0,,
CHI,POR,11/25/19,POR,1,POR,117,94,94,114.9,47.1,56.2,17,14.9,18.9,31.8,15.1,19.3,1,1,,
MIL,UTA,11/25/19,MIL,8.5,MIL,122,118,119.6,113.6,51,62.9,8.8,16.5,32.1,12.2,23.7,12.9,1,1,,
SAS,LAL,11/25/19,LAL,4.5,LAL,114,104,111.8,120,52.3,57.3,14,9.5,31.2,28.6,13.6,13.5,1,1,,
GSW,OKC,11/25/19,OKC,7.5,OKC,100,97,100,104.2,46.6,53.5,13.4,16.7,26.4,22.2,15.7,10.7,2,2,,
DAL,LAC,11/26/19,LAC,1.5,LAC,114,99,93.4,105.6,44.9,47.9,18.9,13.1,17.6,31,35.9,21.9,1,1,,
DEN,WAS,11/26/19,DEN,10.5,DEN,117,114,106.4,94.5,55.6,47.4,19.1,10.9,25,12.3,18.9,14.7,1,1,,
CLE,ORL,11/27/19,ORL,0,ORL,116,104,101,111.5,52.5,54.8,24.3,10.6,30.2,18.8,23.5,15.1,1,1,,
BOS,BRK,11/27/19,BOS,8.5,BOS,121,110,115.5,107.8,51,56.1,13.6,16.7,38.9,25.9,22.7,10,1,1,,
IND,UTA,11/27/19,IND,1,IND,121,102,119.8,101,56.2,49.4,11.9,15.8,33.3,21.7,13.5,24.4,1,1,,
PHI,SAC,11/27/19,PHI,9.5,PHI,97,91,98,92.9,49.4,45.8,17.2,11.2,20.5,19.3,25.6,4.2,1,1,,
CHA,DET,11/27/19,DET,3.5,CHA,102,101,113.5,113.5,48.3,52.3,4.5,10.1,22,28,19.3,10.2,1,1,,
TOR,NYK,11/27/19,TOR,9.5,TOR,126,98,128.9,101,60.1,44.3,12.4,18.6,37.5,35.7,14,22.7,1,2,,
HOU,MIA,11/27/19,HOU,7,HOU,117,108,113.6,102.9,55.5,55,14.6,18.4,23.4,19.6,32.1,25.3,2,1,,
MEM,LAC,11/27/19,LAC,6,LAC,121,119,110.3,112,52.7,53.7,18.7,14.8,34.7,28.3,23.9,20,1,0,,
MIL,ATL,11/27/19,MIL,14.5,MIL,111,102,110,101,53.4,46.3,14,18.8,25,35.6,19.3,16,1,1,,
SAS,MIN,11/27/19,SAS,3,MIN,113,101,99,110.8,44.8,54.1,6,10.8,15.5,20,14.4,24.7,1,1,,
PHX,WAS,11/27/19,PHX,7,WAS,140,132,123.4,132.1,59.7,68,14,15.1,28.3,23.1,22.8,21.3,2,0,,
NOP,LAL,11/27/19,LAL,6.5,LAL,114,110,106.8,112.9,50.6,56.5,19.4,15.8,31.2,25,30.1,21.2,2,1,,
POR,OKC,11/27/19,POR,2.5,POR,136,119,133.3,115.5,59.6,50.6,8.8,5.8,24.4,14.8,25.8,34.5,1,1,,
GSW,CHI,11/27/19,CHI,2,GSW,104,90,105.1,89.9,52.5,43.8,21.2,18.2,31.1,26.3,23.5,13.6,1,1,,
BRK,BOS,11/29/19,BOS,4.5,BRK,112,107,107.8,103.9,55.4,48.9,19.4,18.4,30.6,32.1,10,17.4,1,1,,
ORL,TOR,11/29/19,TOR,3,TOR,90,83,85.6,91.8,39.1,43.5,24.7,14.4,31.5,23.2,28.2,20.5,1,1,,
DET,CHA,11/29/19,DET,8,CHA,110,107,121.6,123.9,58.4,59.6,15.9,11.4,38.6,25.6,12.3,13.3,1,1,,
NYK,PHI,11/29/19,PHI,6.5,PHI,101,95,97.9,105.2,48.7,47.9,14.7,16.7,23.5,26.8,24.4,45.1,1,1,,
CLE,MIL,11/29/19,MIL,11.5,MIL,119,110,110,119,59.7,58,15,13,19.6,22.9,5.7,19.3,1,1,,
MIA,GSW,11/29/19,MIA,11.5,MIA,122,105,122.2,106.1,61.6,45.5,16.2,9.1,27.5,14.3,25.9,46.1,1,1,,
IND,ATL,11/29/19,IND,11,IND,105,104,94.6,94.5,45.2,47.8,14.4,21.8,24.6,26.9,22.8,18.9,1,1,,TRUE
OKC,NOP,11/29/19,OKC,4.5,OKC,109,104,104.9,101,55,51.5,10.7,13.6,12.5,16.7,11.1,17.2,1,1,,
MEM,UTA,11/29/19,UTA,7.5,UTA,103,94,94.9,106.3,44.7,46.3,12.2,7.3,25.9,24.6,10.8,15.8,1,1,,
SAS,LAC,11/29/19,LAC,5,SAS,107,97,104.9,95.1,50.5,45.7,10.8,14.7,18.9,21.8,14.1,14.1,1,1,,
PHX,DAL,11/29/19,DAL,2,DAL,120,113,110.8,115.5,51.1,51.2,9.8,7.8,23.6,24,19.4,39.3,1,2,,
POR,CHI,11/29/19,POR,7,POR,107,103,108.1,104,51.2,45.7,13.1,11.1,20.8,27.9,25,18.3,1,1,,
LAL,WAS,11/29/19,LAL,11.5,LAL,125,103,115.7,94.4,59.8,44.8,17.6,17.6,24.4,28.1,24.1,17.9,1,1,,
SAC,DEN,11/30/19,DEN,4,SAC,100,97,99,94.2,42.7,47.7,15.8,16.5,31.7,22.2,18.8,16.1,2,3,,TRUE
PHI,IND,11/30/19,PHI,6,PHI,119,116,117.8,115.2,56.5,62.5,13.9,20.2,20.5,18.9,42.1,27.6,0,0,,
HOU,ATL,11/30/19,HOU,14,HOU,158,111,147.7,105.7,72.5,51.1,14,13.3,37.8,16.7,32.6,22.5,2,0,,
MIL,CHA,11/30/19,MIL,14,MIL,137,96,135.6,95,66.7,44.1,6.9,11.9,15.2,26.6,9.5,7,0,0,,
BRK,MIA,12/01/19,MIA,4,MIA,109,106,107.1,109.1,51.6,45.3,12.1,9.1,21.6,31.7,13.3,24.2,1,1,,
NYK,BOS,12/01/19,BOS,7.5,BOS,113,104,106.1,115.3,51.3,52.2,16.3,14.3,25.6,35.2,34.2,17.2,1,1,,
MIN,MEM,12/01/19,MIN,12,MEM,115,107,101.9,108.5,45.3,49,15.2,10.4,22.2,24.1,35.3,17,3+,0,,
LAL,DAL,12/01/19,LAL,6.5,DAL,114,100,101,112,50,52.1,17.2,13,22.9,32.7,14.9,13.7,1,1,,
NOP,OKC,12/01/19,NOP,2.5,OKC,107,104,107.2,110.4,54.6,53.7,11.3,11.5,12.5,17,10.3,24.7,1,1,,
DET,SAS,12/01/19,DET,2.5,DET,132,98,133.3,97,67.6,44.9,17.2,7.9,33.3,14,14.8,21.8,1,1,,
ORL,GSW,12/01/19,ORL,8,ORL,100,96,104.2,101.1,48.9,42.9,15.6,12.6,30.8,31.6,17.2,20,1,1,,
TOR,UTA,12/01/19,TOR,2,TOR,130,110,124.3,105.8,62.8,49.4,13.6,17.3,18.2,34.5,18.9,23.3,1,1,,
LAC,WAS,12/01/19,LAC,12.5,LAC,150,125,125.9,107.8,62.8,51.5,14.7,12.1,24.4,21.8,34.4,19.8,1,1,,
CHA,PHX,12/02/19,PHX,4.5,PHX,109,104,104,106.9,48.8,49.4,19,7.9,31.9,17.6,25.3,25,1,2,,
PHI,UTA,12/02/19,PHI,5.5,PHI,103,94,100,90.3,47.8,50,14.6,19.4,25,14.9,17.6,16,1,0,,
ATL,GSW,12/02/19,ATL,6.5,ATL,104,79,109.5,83.2,50.6,41.6,15.8,26.3,33.3,38,15.7,12,1,0,,
MEM,IND,12/02/19,IND,8.5,IND,117,104,104,114.9,48.3,59.1,12,14.9,21.6,23.3,20.2,14.8,0,1,,
MIL,NYK,12/02/19,MIL,17,MIL,132,88,131,87.1,65.1,36.3,14,8.9,29.5,21.2,23.3,24.2,1,0,,
SAC,CHI,12/02/19,SAC,5,CHI,113,106,106,113,53.6,58.7,18,18,27.3,17.1,20.5,33.8,1,2,,
CLE,DET,12/03/19,DET,3.5,DET,127,94,98.9,130.9,47.2,63.8,14.7,12.4,28.3,34.1,11.2,7.5,3+,1,,
WAS,ORL,12/03/19,ORL,0,ORL,127,120,117.6,123.3,57.3,59.4,9.8,12.6,12.8,26.1,20.2,22.2,1,1,,
TOR,MIA,12/03/19,TOR,5.5,MIA,121,110,100.9,110,44.5,53,11,12.7,19.3,22.2,32.6,16.2,1,1,,TRUE
NOP,DAL,12/03/19,DAL,4.5,DAL,118,97,95,118,46.3,54,10.9,12,21.1,23.1,10.8,26.1,1,1,,
SAS,HOU,12/03/19,HOU,7,SAS,135,133,110.7,109,53.3,44.2,17.2,13.1,29.5,31,20.8,30.4,1,2,,TRUE
DEN,LAL,12/03/19,DEN,2.5,LAL,105,96,94.1,102,44,50.6,10.9,15.7,18.2,33.3,17.6,23.8,2,1,,
LAC,POR,12/03/19,LAC,9,LAC,117,97,118.2,97,54.8,46.7,11.1,13,30.4,23.1,14.9,13.2,1,3+,,
ORL,PHX,12/04/19,PHX,2,ORL,128,114,130.6,117.5,65.9,57.4,19.4,13.4,36.1,26.5,19,14.9,2,1,,
CHA,GSW,12/04/19,CHA,2.5,CHA,106,91,114,97.8,58,51.9,16.1,17.2,27.7,18.2,5.7,13,1,1,,
DET,MIL,12/04/19,MIL,8.5,MIL,127,103,97.1,117.9,47.8,56.7,11.4,15.1,19,28.9,15.1,27,0,1,,
BOS,MIA,12/04/19,BOS,5.5,BOS,112,93,117.9,97.9,53.8,52.6,10.5,20,23.4,22.9,32.9,14.1,2,0,,
ATL,BRK,12/04/19,BRK,3,BRK,130,118,114.6,126.2,58.3,57,15.5,15.5,26.5,45.1,14.4,16,1,2,,
OKC,IND,12/04/19,IND,1,IND,107,100,112.4,118.9,54.2,53.4,14.6,10,27.9,33.3,10.7,16.3,2,1,,
CHI,MEM,12/04/19,CHI,6.5,CHI,106,99,103.9,99,51.3,42.2,20.6,14,24.5,31.7,35.1,18.8,1,1,,
DAL,MIN,12/04/19,DAL,5,DAL,121,114,124.7,118.9,56,51.1,9.3,13.7,31.9,35.2,19.8,25.8,0,2,,
UTA,LAL,12/04/19,UTA,2,LAL,121,96,98,122.2,49.4,58.9,20.4,8.1,23.5,24.5,17.1,16.7,1,0,,
POR,SAC,12/04/19,POR,5,POR,127,116,124.5,116,65.5,52.1,11.8,10,16.2,25.5,20.5,17.9,0,1,,
WAS,PHI,12/05/19,PHI,8,WAS,119,113,116.7,111.9,51.7,61.7,11.8,20.8,28.8,23.7,28.9,23.7,1,2,,
NYK,DEN,12/05/19,DEN,9,DEN,129,92,91.1,129,46.4,68.4,13.9,14,12.5,26.8,18.5,11.5,2,1,,
TOR,HOU,12/05/19,TOR,2,HOU,119,109,106.9,114.6,50,52,17.6,22.3,30,44.1,23.9,17.3,1,1,,
NOP,PHX,12/05/19,NOP,4,PHX,139,132,112,118.1,60.3,53.3,20.5,15.5,20.9,35.6,31,23.4,1,0,,TRUE
DET,IND,12/06/19,IND,2,DET,108,101,112.5,104.2,51.1,51.2,18.8,12.5,40,15.6,21.8,19.5,1,1,DET,
CHA,BRK,12/06/19,BRK,3,BRK,111,104,109.5,114.4,53.6,56.2,20,18.6,26.5,38.6,18.1,14,1,1,CHA,
CLE,ORL,12/06/19,ORL,4.5,ORL,93,87,92.6,98.9,48.2,44.5,19.1,18.1,24.5,29.4,8.4,24.4,2,1,ORL,
OKC,MIN,12/06/19,OKC,4,OKC,139,127,127.8,118.7,58.5,58.9,9.3,12.1,30,27.1,40.9,14.6,1,1,MIN,TRUE
MIA,WAS,12/06/19,MIA,9.5,MIA,112,103,116.7,108.4,54.7,49.5,14.6,11.6,32.6,23.1,20.9,14.3,1,0,MIA,
BOS,DEN,12/06/19,BOS,4,BOS,108,95,114.9,99,61.6,44.1,17,14.6,21.1,35.2,8.5,13,1,0,DEN,
CHI,GSW,12/06/19,CHI,4.5,GSW,100,98,105.4,105.4,54,59.9,16.1,21.5,24,20.6,3.4,21.4,1,1,CHI,
MIL,LAC,12/06/19,MIL,4.5,MIL,119,91,113.3,86.7,54.3,39.4,15.2,20,27.5,30,18.1,18.3,1,2,LAC,
SAS,SAC,12/06/19,SAS,4.5,SAS,105,104,98.1,96.3,48.4,43.6,15.9,14,26.8,32.8,12.5,14.9,1,1,SAS,TRUE
POR,LAL,12/06/19,LAL,4.5,LAL,136,113,104.6,123.1,51.2,64.1,13.9,17.6,12.5,22.5,29.4,32.1,1,1,LAL,
DAL,NOP,12/07/19,DAL,9,DAL,130,84,127.5,80.6,61,37.6,12.7,14.6,24.4,18.6,29.4,19.1,2,1,DAL,
PHI,CLE,12/07/19,PHI,12,PHI,141,94,138.2,92.1,69.4,42.2,7.8,17.8,30.6,31.7,17.8,13.5,1,0,CLE,
NYK,IND,12/07/19,IND,5.5,IND,104,103,104,106.1,45.8,55.3,11.1,17.3,31,17.4,15.6,11.8,1,0,IND,
HOU,PHX,12/07/19,HOU,10.5,HOU,115,109,104.5,98.2,51.1,47.4,14.5,14.5,24.5,27.1,24.2,18.8,1,1,PHX,
UTA,MEM,12/07/19,UTA,12,UTA,126,112,123.5,110.9,68.1,59.3,21.6,13.9,26.5,14.6,21.3,20,2,2,MEM,
BRK,DEN,12/08/19,DEN,4,BRK,105,102,108.2,103.1,50,50.6,13.4,13.4,28.6,21.2,20.7,13.5,1,1,DEN,
CHA,ATL,12/08/19,CHA,2,ATL,122,107,110.3,124.5,46.1,58.2,11.3,14.3,30.4,29.8,26.7,17.6,1,3,CHA,
PHI,TOR,12/08/19,PHI,3,PHI,110,104,111.1,105.1,59.5,49.4,20.2,17.2,23.8,28,20.3,19.3,0,2,PHI,
MIA,CHI,12/08/19,MIA,7,MIA,110,105,108.9,105,48.7,51.9,16.8,15,29.2,15.6,46.7,27.5,1,1,MIA,TRUE
WAS,LAC,12/08/19,LAC,8,LAC,135,119,114.6,129.1,53.4,59.9,13.6,11.7,21.6,33.3,29.1,20.8,1,1,WAS,
DAL,SAC,12/08/19,DAL,8,SAC,110,106,117.8,122.5,57.6,59.4,14.4,12.4,28.6,26.2,8.4,10.7,0,1,DAL,
POR,OKC,12/08/19,POR,3.5,OKC,108,96,99,111.5,40.5,47.6,8.3,10.4,31.2,28.8,15,32.5,1,1,OKC,
LAL,MIN,12/08/19,LAL,11.5,LAL,142,125,137.9,120.4,66,60.6,10.7,15.5,28.9,22,19.4,25.9,1,1,MIN,
IND,LAC,12/09/19,IND,3,LAC,110,99,91.7,102.8,40.6,45.9,12,10.3,25.4,23.3,21.9,20.4,1,0,,
BOS,CLE,12/09/19,BOS,13.5,BOS,110,88,118.3,93.6,67.3,43.4,19.4,19.1,20.6,40.7,6.4,9.9,2,1,,
CHI,TOR,12/09/19,TOR,6,TOR,93,92,91.1,90.2,46.1,41.7,16.8,16.7,20.4,30.4,11.4,20.2,0,0,,
NOP,DET,12/09/19,NOP,0,DET,105,103,100,104,48.4,48.8,14.6,18.8,28.8,28.8,16.9,25.9,1,2,,
HOU,SAC,12/09/19,HOU,12,SAC,119,118,117,119,58.9,56.8,19,10,32.6,17.6,22.6,21.8,1,0,,
MIL,ORL,12/09/19,MIL,13,MIL,110,101,105.8,98.1,55.4,43.5,14.4,11.7,22.9,21.1,8.7,23.1,2,2,,
UTA,OKC,12/09/19,UTA,8.5,OKC,104,90,89.1,102,44.9,51.8,14.9,10.8,16.7,6.8,11.4,19,1,0,,
PHX,MIN,12/09/19,PHX,3.5,PHX,125,109,125,109,57.9,50.6,9,17,28.6,31.9,15.8,27.4,1,0,,
GSW,MEM,12/09/19,GSW,3,MEM,110,102,96.2,103.8,43.5,59.1,15.1,18.9,24.1,11.6,22.8,15.9,2,1,,
CHA,WAS,12/10/19,WAS,2,CHA,114,107,116.5,111.5,54.1,48.3,13.4,10.4,29.2,25.9,26.5,23,1,1,,
PHI,DEN,12/10/19,PHI,5.5,PHI,97,92,99,96.8,48.3,47.6,17.5,14.7,32.7,18.8,12.5,12.9,1,1,,
MIA,ATL,12/10/19,MIA,8.5,MIA,135,121,125,113.1,57.7,57.9,11.1,11.2,31.4,14.8,14.6,11.6,1,1,,TRUE
POR,NYK,12/10/19,POR,9,POR,115,87,112.7,86.1,52.8,39,11.8,10.9,25,21,22.2,17.6,1,2,,
ORL,LAL,12/11/19,LAL,8.5,LAL,96,87,91.6,101.1,46.9,49.4,15.8,14.7,24.5,30.9,13.6,11.5,1,2,,
TOR,LAC,12/11/19,LAC,3,LAC,112,92,91.1,109.9,39.8,51.2,17.8,17.8,30.5,32.7,25,28.2,1,1,,
CLE,HOU,12/11/19,HOU,11.5,HOU,116,110,118.3,122.1,59,59.2,18.3,13.7,36.4,28.6,5.7,15.1,1,1,,
IND,BOS,12/11/19,IND,1.5,IND,122,117,119.8,114.7,54.1,57.5,9.9,14.7,18.8,21.7,35.7,20.5,1,1,,
BRK,CHA,12/11/19,BRK,10,CHA,113,108,112.6,118.9,48.9,49.4,12.6,8.4,37.3,31.5,25.6,29.9,2,0,,
CHI,ATL,12/11/19,CHI,6.5,CHI,136,102,122.9,95.3,63.3,50,11.9,21.5,17.1,23.5,18.1,22.9,1,0,,
MIN,UTA,12/11/19,MIN,1,UTA,127,116,115,128.3,52.2,66.3,12,16.2,30.8,28.2,23.1,20.5,1,1,,
PHX,MEM,12/11/19,PHX,7,MEM,115,108,101.9,106.5,44.6,54.7,11.3,16.7,19.7,20,26.9,24.4,1,1,,
MIL,NOP,12/11/19,MIL,9.5,MIL,127,112,121,103.8,64,53.4,14.3,19.8,15.9,20.4,8.6,20.7,1,1,,
SAC,OKC,12/11/19,SAC,1.5,SAC,94,93,95.9,95.9,50,51.3,16.3,19.6,24.5,22.9,6.8,15.2,1,1,,
GSW,NYK,12/11/19,GSW,5,NYK,124,122,110.9,112.7,48.1,54.4,7.3,17.3,23,32.7,21.2,29.2,1,0,,TRUE
BOS,PHI,12/12/19,BOS,1.5,PHI,115,109,117.2,123.7,52.2,58.5,6.5,12.9,23.5,33.3,15.4,23.2,0,1,PHI,
SAS,CLE,12/12/19,SAS,11.5,CLE,117,109,99.1,107.4,51.7,53.6,10.9,17.6,6.7,27.3,23.3,14.7,3+,0,CLE,TRUE
DET,DAL,12/12/19,DAL,7.5,DAL,122,111,113.3,121,53.4,60.2,8.2,11,19.2,26.7,18,18.2,2,3,DAL,
DEN,POR,12/12/19,DEN,6.5,DEN,114,99,125.3,107.6,58,52.9,12.1,9.8,39.6,20.5,13.6,9.4,1,1,POR,
ORL,HOU,12/13/19,HOU,6.5,HOU,130,107,116.3,140.2,52.2,68.6,7.6,9.8,28.8,24.3,13.2,14.1,1,1,,
PHI,NOP,12/13/19,PHI,7,PHI,116,109,116,109,53.4,48.3,11,9,26.5,24.1,27.1,27.6,0,1,,
ATL,IND,12/13/19,IND,6,IND,110,100,94.3,103.8,44.7,53.8,14.2,14.2,24.6,14.9,17.2,12.1,1,1,,
CHI,CHA,12/13/19,CHI,7,CHA,83,73,73.2,84.7,33.9,41.8,14.4,21.4,20.3,29.4,13.3,21.5,1,1,,
MIA,LAL,12/13/19,LAL,5.5,LAL,113,110,110,115.3,51.8,56.3,8,19.4,13,34.7,26.2,17.2,2,1,,
MEM,MIL,12/13/19,MIL,12.5,MIL,127,114,104.7,116.5,49,56.9,12.1,15.6,22.2,26.1,18.4,32.2,1,1,,
MIN,LAC,12/13/19,LAC,4.5,LAC,124,117,108.3,112.8,50.6,56.3,16.7,17.4,20.4,20,36.5,44.3,1,1,,
SAC,NYK,12/13/19,SAC,8.5,NYK,103,101,111,114.4,57.2,51.1,15.4,10,21.7,33.3,7.2,6.4,1,1,,
PHX,SAS,12/14/19,SAS,2,SAS,121,119,101.7,100.8,48.5,45.3,8.5,9.3,16.1,18.2,18.4,23.8,2,1,PHX,TRUE
TOR,BRK,12/14/19,TOR,7.5,TOR,110,102,100,92.7,45.9,44.6,10,18.2,19,26.6,20.4,12,2,2,BRK,
MEM,WAS,12/14/19,MEM,1,MEM,128,111,119.6,102.8,62.7,50.6,22.4,16.8,33.3,20.4,25,29.4,0,3,WAS,
CHI,LAC,12/14/19,LAC,4.5,CHI,109,106,110.1,107.1,55.3,50,18.2,15.2,27.7,20.4,17.6,32.9,0,0,LAC,
DAL,MIA,12/14/19,DAL,8.5,MIA,122,118,108.3,110.9,53,51.6,10.1,9.1,16.9,15.1,11,31.1,1,0,MIA,TRUE
MIL,CLE,12/14/19,MIL,12.5,MIL,125,108,123.8,105.9,62.4,53.9,11.9,17.6,19.5,27.7,22.4,12.4,0,1,MIL,
DEN,OKC,12/14/19,DEN,6.5,DEN,110,102,112.2,103.1,54.7,50.6,16.3,15.3,29.5,20.5,20.2,24.7,1,2,OKC,
HOU,DET,12/14/19,HOU,7,DET,115,107,101.9,109.6,46.6,51.1,10.5,13.5,21.9,25.5,11.8,22.8,0,1,DET,
NOP,ORL,12/15/19,NOP,1,ORL,130,119,121.4,127,64.2,61.2,17.3,10,26.7,25.6,6.8,23.6,1,1,ORL,
IND,CHA,12/15/19,IND,11.5,IND,107,85,109.2,86.7,51.1,33.5,9.2,12.2,20,31.8,19.3,26.7,1,1,CHA,
ATL,LAL,12/15/19,LAL,11.5,LAL,101,96,89.6,93.5,43,45.8,18.9,20.6,22.4,27.5,25.6,29.3,1,1,LAL,
BRK,PHI,12/15/19,PHI,5,BRK,109,89,106.9,85.4,50.5,45.9,15.7,15.5,32.7,18,14.9,11.6,0,1,PHI,
DEN,NYK,12/15/19,DEN,10.5,DEN,111,105,122,114.1,52.1,51.1,9.9,12,34,32.7,13.8,9.6,0,1,DEN,
GSW,SAC,12/15/19,SAC,3.5,SAC,100,79,84.9,105.3,42.9,68.3,22.6,30.9,24.5,20,16.9,22.2,1,1,SAC,
DET,WAS,12/16/19,DET,2.5,WAS,133,119,120.2,135.7,55.2,65.9,14.1,16.3,37.5,31.6,28.6,19.5,1,1,,
TOR,CLE,12/16/19,TOR,12.5,TOR,133,113,130.7,113,67.4,55.6,6.9,11,15.8,21.3,14.6,14.4,1,1,,
OKC,CHI,12/16/19,OKC,5.5,OKC,109,106,111.2,107.1,62.3,54.6,26.5,14.1,27,16.3,33.3,13.1,1,1,,
HOU,SAS,12/16/19,HOU,10,HOU,109,107,98.2,98.2,46.4,48.9,11.7,16.5,24.6,19.6,18.6,18.5,1,1,,
MEM,MIA,12/16/19,MIA,3,MEM,118,111,119.4,111,56.4,52.5,17.3,14,39.6,23.8,24.4,32.1,1,1,,
MIL,DAL,12/16/19,MIL,10.5,DAL,120,116,112.6,116.5,47.1,55.7,8.7,13.6,29.2,20.8,16.2,25,1,1,,
PHX,POR,12/16/19,POR,2.5,POR,111,110,106.8,108.8,52.2,56,20.4,19.6,30.6,22.2,18,20.2,1,3+,,
IND,LAL,12/17/19,LAL,1,IND,105,102,111.7,109.7,54.1,51.6,13.8,14,32.6,32.7,15.3,8.8,1,1,,
CHA,SAC,12/17/19,SAC,5,CHA,110,102,119.6,109.7,56.2,48.9,20.7,10.8,43.5,26.9,23.5,13.2,1,1,,
NYK,ATL,12/17/19,NYK,2,NYK,143,120,133.6,110.2,62.6,53,11.2,10.2,33.3,23.6,25.5,15.2,1,1,,
NOP,BRK,12/17/19,BRK,2,BRK,108,101,93.5,100,39.4,47.4,8.3,12,30.1,22,15,17.7,1,1,,TRUE
UTA,ORL,12/17/19,UTA,6.5,UTA,109,102,109.2,104.1,55,48.9,14.3,3.1,23.5,7.5,11.2,11.8,3+,1,,
LAC,PHX,12/17/19,LAC,14,LAC,120,99,114.3,94.3,58.4,45.1,15.2,19,19.6,33.3,18,6.9,2,2,,
WAS,CHI,12/18/19,WAS,1,CHI,110,109,100.9,100.9,43.2,45.9,14.8,13.8,29.5,25,28.4,21.6,1,1,,TRUE
DET,TOR,12/18/19,TOR,2.5,TOR,112,99,98,110,48.3,50,15,12,21.6,24.5,17.2,23.3,1,1,,
CLE,CHA,12/18/19,CLE,3,CLE,100,98,109.9,107.7,58.8,47.8,27.5,9.9,45.9,28.1,17.6,12.1,1,0,,
PHI,MIA,12/18/19,PHI,8,MIA,108,104,107.2,112.5,48.9,54.1,13.4,16.7,29.6,30.4,17.8,19.3,2,1,,
OKC,MEM,12/18/19,OKC,6.5,OKC,126,122,122.3,118.4,58.9,56.1,11.7,14.6,20,34,32.1,12.4,1,1,,
MIN,NOP,12/18/19,MIN,3.5,NOP,107,99,98,105.9,43.2,52.3,10.9,18.8,25.4,26.5,17.9,20,3+,0,,
DAL,BOS,12/18/19,BOS,1.5,BOS,109,103,106.2,110.2,47.7,47.7,8.2,16.3,18.2,34.6,23,31.4,1,3+,,
DEN,ORL,12/18/19,DEN,9,DEN,113,104,115.6,106.1,54.2,48.9,19.8,13.3,37.8,21.6,26.2,21.8,2,0,,
POR,GSW,12/18/19,POR,9,POR,122,112,118.4,108.8,50,47.6,10.7,7.8,36.5,31.2,26,13.7,1,2,,
ATL,UTA,12/19/19,UTA,6.5,UTA,111,106,98.1,103.7,49.4,50.6,14.8,17.8,18,26,18.9,32.5,1,1,,
MIL,LAL,12/19/19,MIL,3.5,MIL,111,104,112.2,107.2,57.1,53.8,14.3,19.6,22.7,22.9,29.9,22.5,2,1,,
SAS,BRK,12/19/19,SAS,4,SAS,118,105,112.4,100,51.6,46.4,10.5,17.1,24.1,17.4,19.8,33.7,1,2,,
LAC,HOU,12/19/19,LAC,5.5,HOU,122,117,109.3,113.1,58.6,58.1,16.8,16.8,20.5,24.4,17.2,25.6,1,2,,
IND,SAC,12/20/19,IND,5,IND,119,105,124,109.4,60.5,50.5,9.4,12.5,19,29.4,17.4,14.4,2,2,,
CLE,MEM,12/20/19,MEM,2.5,CLE,114,107,115.2,105.9,52.7,50,16.2,6.9,34.5,20.7,18.7,5,1,1,,
BOS,DET,12/20/19,BOS,9,BOS,114,93,107.6,91.2,57.6,46.5,19,24.5,31,30.9,17.4,16.5,1,1,,
TOR,WAS,12/20/19,TOR,6.5,TOR,122,118,113.1,112.4,56.4,54,15.9,14.3,18.6,20.4,44.2,27.6,1,1,,
PHI,DAL,12/20/19,PHI,8.5,DAL,117,98,98,114.7,47.8,60.2,15,15.7,21.8,18.6,13.3,20.7,1,1,,
MIA,NYK,12/20/19,MIA,9,MIA,129,114,129,115.2,67.5,48.9,18,8.1,25.6,28.3,32.9,23.4,1,2,,
OKC,PHX,12/20/19,OKC,3,OKC,126,108,127.6,108.2,62.1,50,15.3,16.3,32.5,34,20.7,24.1,1,2,,
DEN,MIN,12/20/19,DEN,10.5,DEN,109,100,111.2,103.1,55.1,47.1,16.3,14.4,31.1,31.5,12.5,20.7,1,1,,
POR,ORL,12/20/19,POR,3.5,POR,118,103,115.7,102,60.1,40,20.6,9.9,26.8,36.2,20.7,17.1,1,1,,
GSW,NOP,12/20/19,NOP,2,GSW,106,102,102.9,97.1,49.4,46.8,17.5,17.3,22.9,27.8,29.3,16.7,1,1,,
CHA,UTA,12/21/19,UTA,6.5,UTA,114,107,109.4,115.5,52.9,63.3,14.6,21.6,25,27.8,20.2,25.7,2,1,,
BRK,ATL,12/21/19,BRK,7.5,BRK,122,112,110,100.9,51.5,42.4,14.5,9.2,30.4,23.5,19.2,22.1,1,1,,
PHI,WAS,12/21/19,PHI,12.5,PHI,125,108,123.8,105.9,59.6,44.9,13.9,10.8,34.7,22.2,13.8,33,0,0,,
DET,CHI,12/21/19,CHI,1.5,CHI,119,107,108.1,120.2,55.2,63.6,16.2,21.2,18.8,34.2,12.6,27.3,2,2,,
NYK,MIL,12/21/19,MIL,12.5,MIL,123,102,95.3,115,44.8,58.8,14,17.8,23.3,25.5,15.5,27.1,0,1,,
MEM,SAC,12/21/19,SAC,2,MEM,119,115,115.5,111.7,57.2,48.5,13.6,12.6,20,35.1,29.3,18.2,0,0,,
SAS,LAC,12/21/19,LAC,7,LAC,134,109,104.9,130.4,57.3,60.6,17.5,11.8,12.8,29.8,18.5,14.1,1,1,,
PHX,HOU,12/21/19,HOU,9,HOU,139,125,121.4,135,56,69.5,9.7,9.7,28.3,12.5,25.8,20.7,0,1,,
POR,MIN,12/21/19,POR,7,POR,113,106,108.7,101,49.5,52.3,14.4,16.2,29.1,14.6,21.3,17.2,0,0,,
TOR,DAL,12/22/19,TOR,3,TOR,110,107,107.8,102.9,44.7,47.2,11.8,16.5,31,27.3,27.7,24.7,1,1,TOR,
BOS,CHA,12/22/19,BOS,13,BOS,119,93,129.3,100,60.2,46.3,14.1,6.5,34.1,7.7,14.8,21,1,0,BOS,
MIL,IND,12/22/19,MIL,7.5,MIL,117,89,115.8,88.1,49.5,43,9.9,12.9,34.4,23.8,13.6,3,0,1,IND,
OKC,LAC,12/22/19,LAC,1.5,OKC,118,112,115.7,110.9,52.1,52.9,11.8,16.8,31.4,27.7,17.5,24.4,1,0,,
LAL,DEN,12/22/19,LAL,3.5,DEN,128,104,108.3,133.3,53,54.9,19.8,10.4,39.1,42.9,19.3,29.7,2,1,,
IND,TOR,12/23/19,IND,5.5,IND,120,115,114.4,109.5,56.8,51.6,12.5,13.3,28.3,29.4,12.6,19.1,0,0,TOR,TRUE
ORL,CHI,12/23/19,ORL,5,ORL,103,95,102,94.9,53.7,47.2,11.9,17.2,13.3,24.1,18.5,13.8,2,1,CHI,
DET,PHI,12/23/19,PHI,5.5,PHI,125,109,110.1,127.6,57.1,61.1,14.1,12.2,23.8,39.5,15.5,9.5,1,1,PHI,
CLE,ATL,12/23/19,ATL,1.5,CLE,121,118,109,104.4,57.8,55.3,20.7,14.2,25.5,10.6,10.5,14,2,1,CLE,
NYK,WAS,12/23/19,NYK,3.5,WAS,121,115,115,121.2,55.4,52,14,9.1,26.5,40.4,12.9,17,1,1,WAS,
MIA,UTA,12/23/19,MIA,4.5,MIA,107,104,107,104,46.1,50,13,12,33.3,20.4,26.7,15.7,2,1,UTA,
MEM,SAS,12/23/19,SAS,1.5,SAS,145,115,110.7,138.1,54.7,75.8,12.6,11.4,21.8,13.8,10.4,11.2,1,1,MEM,
PHX,DEN,12/23/19,DEN,3,DEN,113,111,109.9,113,55.7,64.7,16.8,21,22.2,16.7,16.1,15.4,1,0,DEN,
POR,NOP,12/23/19,POR,5.5,NOP,102,94,93.1,102,42.9,48.9,10.9,13,20,24.6,17.8,11.8,1,2,POR,
SAC,HOU,12/23/19,HOU,5.5,HOU,113,104,101,108.7,51.1,53.4,18.4,10.6,29.2,14.3,17.2,23,1,1,HOU,
GSW,MIN,12/23/19,MIN,1.5,GSW,113,104,107.6,98.1,51.2,46,19,15.1,28,20.4,29.1,26.1,2,1,GSW,
TOR,BOS,12/25/19,BOS,2.5,BOS,118,102,101,118,52.5,57.6,16.8,19,16.3,39.6,22.5,13.2,1,2,BOS,
PHI,MIL,12/25/19,MIL,3,PHI,121,109,123.7,112.4,54,54.2,8.2,10.3,30.5,24,11.9,6.3,1,2,MIL,
GSW,HOU,12/25/19,HOU,11,GSW,116,104,111.5,101,52.3,45,15.4,11.7,25,25,29.4,14,1,1,HOU,
LAL,LAC,12/25/19,LAL,2.5,LAC,111,106,104,111,46.9,51.2,12.9,16,27.6,34.7,16.8,28.2,2,2,LAC,
DEN,NOP,12/25/19,DEN,9.5,NOP,112,100,103.1,114.3,46.7,55.6,12.4,19.4,29.1,36.7,15.2,13.3,1,1,NOP,
DET,WAS,12/26/19,DET,6.5,DET,132,102,131,102,64.5,45.1,15,12.1,34.9,31,24.4,20.7,2,2,,
BRK,NYK,12/26/19,BRK,7,NYK,94,82,82,94.9,35.3,45.1,13,14.1,15.3,24.6,34.6,12,3+,2,,
OKC,MEM,12/26/19,OKC,5.5,MEM,110,97,100,113.4,46.7,60.7,9.3,16.5,20.4,23.7,12,9.6,3+,2,,
DAL,SAS,12/26/19,DAL,8,DAL,102,98,102,100,51.1,53,14,13.3,24.1,10.9,11.2,12,3+,2,,
SAC,MIN,12/26/19,SAC,7,MIN,105,104,91.2,89.7,38.8,38.4,10.5,12.9,24.3,22.9,19.6,22.1,2,2,,TRUE
UTA,POR,12/26/19,UTA,5.5,UTA,121,115,128.7,118.9,65.4,56.7,11.7,12.6,20,27.7,18.8,15.9,2,2,,
BOS,CLE,12/27/19,BOS,14,BOS,129,117,127.7,115.8,58.9,57.1,10.9,10.9,29.8,20.5,18.1,23.5,1,3+,,
CHA,OKC,12/27/19,OKC,1,OKC,104,102,96.2,98.1,45,47.8,14.3,13.3,31.1,23.5,10.9,21.6,2,0,,TRUE
ORL,PHI,12/27/19,PHI,4,ORL,98,97,95.1,95.1,47.7,46,15.7,15.7,26.8,22.6,15.9,20,3+,1,,
ATL,MIL,12/27/19,MIL,7.5,MIL,112,86,80.4,103.7,42.9,56.6,16.8,16.7,13.3,17,8.8,9.9,3+,1,,
MIA,IND,12/27/19,MIA,5,MIA,113,112,116.5,114.4,53.9,56.7,13.4,4.1,29.2,4.4,19.5,11.1,3+,3+,,
GSW,PHX,12/27/19,PHX,3.5,GSW,105,96,102,95,46.2,51.3,10.8,26.7,24.1,27.9,21.7,25.3,1,3+,,
DEN,MEM,12/28/19,DEN,9,DEN,119,110,117.8,108.9,53.2,54.2,9.9,16.8,29.4,26.7,21.5,22.6,2,1,,
NOP,IND,12/28/19,NOP,1.5,NOP,120,98,115.4,94.2,55.9,42.4,12.5,17.3,24,24.5,17.2,30.6,2,0,,
BOS,TOR,12/28/19,BOS,7,TOR,113,97,97,112,44.2,60.7,15,22,22,37.5,35.9,13.1,0,2,,
WAS,NYK,12/28/19,NYK,3.5,NYK,107,100,95.2,101.9,39.6,51.2,11.4,21,26.6,29.4,25.5,23.5,1,1,,
MIA,PHI,12/28/19,MIA,1.5,MIA,117,116,113.6,112.6,50,52.8,7.8,10.7,22.6,20.8,24.7,24.7,0,0,,TRUE
MIN,CLE,12/28/19,MIN,6.5,CLE,94,88,84.6,91.3,39.8,44.2,16.3,28.2,22.6,42.9,15.1,33.8,1,0,,
HOU,BRK,12/28/19,HOU,9.5,HOU,108,98,103.8,93.3,50,46.2,13.5,14.3,30.6,25.9,6.9,14.1,2,1,,
CHI,ATL,12/28/19,CHI,9.5,CHI,116,81,114.9,79.4,58,42.4,16.8,20.6,28.9,22.2,17.2,9.4,3+,0,,
SAS,DET,12/28/19,SAS,5,SAS,136,109,132,105.8,66.7,51.1,10.7,10.7,17.1,20.7,13,18.9,1,1,,
MIL,ORL,12/28/19,MIL,6,MIL,111,100,109.9,99,58.9,48.3,23.8,10.9,33.3,13.2,14.5,18.6,0,0,,
GSW,DAL,12/28/19,DAL,10.5,DAL,141,121,114.2,131.4,58.7,65.2,13.2,12.4,20.4,22.7,14.1,22.8,0,1,,
SAC,PHX,12/28/19,SAC,2.5,PHX,112,110,114.6,112.2,56,56.9,12.5,14.3,23.9,26.2,19,14.9,1,0,,
POR,LAL,12/28/19,LAL,5,LAL,128,120,117.8,124.5,56.4,57.7,15.8,10.8,29.2,28.3,26.7,25.3,1,2,,
LAC,UTA,12/28/19,LAC,7.5,UTA,120,107,108.2,123.7,43.2,62.2,8.2,13.4,30,22.5,26.6,15.3,2,1,,
TOR,OKC,12/29/19,TOR,5,OKC,98,97,103.2,102.1,51.2,50,18.1,17.9,25,22.2,14.5,26,0,1,,
NOP,HOU,12/29/19,NOP,5,NOP,127,112,129.6,114.3,57.8,61.1,9.2,17.3,34,20.9,8.9,16,0,0,,
DEN,SAC,12/29/19,DEN,8,DEN,120,115,125,119.8,56.8,60.6,12.5,14.6,32.5,30,35,14.1,0,0,,
MEM,CHA,12/29/19,MEM,2.5,MEM,117,104,114.9,103,54.3,48.3,13.9,13.9,30.4,23.5,18.5,24.7,0,1,,
LAL,DAL,12/29/19,LAL,5,LAL,108,95,104.9,92.2,54.5,43.3,15.7,18.6,20,30.4,29.5,20.5,0,0,,
WAS,MIA,12/30/19,MIA,11,WAS,123,105,125.5,107.1,61.3,52.1,10.2,19.4,21.7,23.3,23.8,40.3,1,1,,
ORL,ATL,12/30/19,ORL,10.5,ATL,101,93,95.9,104.1,44.4,53.7,9.3,21.6,21.8,30.2,15.9,17.3,1,1,,
MIN,BRK,12/30/19,BRK,4.5,MIN,122,115,102.5,97.5,48.6,48,11.8,14.4,21.2,16.1,20.2,20.2,1,1,,TRUE
CHI,MIL,12/30/19,MIL,8.5,MIL,123,102,99,119.6,45.3,61.3,9.7,17.6,25.4,25.6,4.7,23.8,1,1,,
UTA,DET,12/30/19,UTA,9.5,UTA,104,81,109.5,84.4,53,40.5,15.8,17.7,28.3,20.4,19.3,21.5,1,1,,
POR,PHX,12/30/19,POR,4,PHX,122,116,119.6,123.5,53.1,54.9,9.3,11.2,25.9,30.6,14.6,22.8,1,1,,
IND,PHI,12/31/19,IND,3.5,IND,115,97,119.8,101.1,55.2,44,6.2,15.8,23.9,37,23.3,18.9,2,2,,
CHA,BOS,12/31/19,BOS,7.5,BOS,109,92,94.8,112.4,46.5,52.6,17.5,13.4,24.1,32.7,14,7.3,1,2,,
SAC,LAC,12/31/19,LAC,6.5,LAC,105,87,93.5,112.9,46.2,47.7,17.2,12.9,24,33.3,16.3,23.9,1,2,,
TOR,CLE,12/31/19,TOR,8,TOR,117,97,123.2,99,57.7,48.3,12.6,15.5,25.5,26.5,23.8,15.1,1,2,,
SAS,GSW,12/31/19,SAS,11,SAS,117,113,115.8,109.8,54.2,52.1,9.9,8.8,26.9,20,13.5,13.7,2,2,,TRUE
HOU,DEN,12/31/19,HOU,6,HOU,130,104,129,105.1,62.1,50.5,15,16.2,36.4,33.3,25.3,6.2,1,1,,
OKC,DAL,12/31/19,DAL,2.5,OKC,106,101,110.4,103.1,46.2,43.5,12.5,11.2,37,31.1,24.2,21.7,1,1,,
WAS,ORL,01/01/20,ORL,3,ORL,122,101,99,118.4,43.1,53.7,12.7,8.7,21.4,28.3,29.9,21.1,1,1,,
NYK,POR,01/01/20,POR,4,NYK,117,93,117,93.9,55.1,44.7,7,9.1,25,18.3,9.2,9.7,3+,1,,
MIL,MIN,01/01/20,MIL,18,MIL,106,104,101.9,99,47.3,45.6,16.5,11.5,27.9,18.6,18.1,23.3,1,1,,
LAL,PHX,01/01/20,LAL,11,LAL,117,107,114.9,107,51.7,52.3,12.9,15,28.3,23.9,26.7,19.8,2,1,,
CLE,CHA,01/02/20,CLE,2,CHA,109,106,111.6,114.7,58.6,53.6,15.8,11.6,21.1,22.2,13.9,25,1,1,,
IND,DEN,01/02/20,DEN,1,DEN,124,116,126.1,133.3,59.8,57.5,9.8,10.8,21.4,39,22,27.6,1,1,,
MIA,TOR,01/02/20,MIA,5.5,MIA,84,76,93.3,84.4,48.1,34.8,18.9,12.2,26,29.5,7.5,15.7,2,1,,
CHI,UTA,01/02/20,UTA,3.5,UTA,102,98,104.3,109.7,45.2,55.9,11.8,18.3,33.3,22,13.8,22.7,2,2,,
MIN,GSW,01/02/20,MIN,3,MIN,99,84,102.1,88.4,46.8,44.8,15.5,17.9,33.9,19.6,10.6,19.5,0,1,,
DAL,BRK,01/02/20,DAL,8,DAL,123,111,123,111,60,52.7,14,12,28.9,27.5,16.7,16.5,1,2,,
SAS,OKC,01/02/20,SAS,2.5,OKC,109,103,114.4,118.5,50.5,53.4,10,4.3,30.2,23.9,10.9,15.9,1,1,,
SAC,MEM,01/02/20,SAC,4.5,SAC,128,123,118.5,113.9,56.7,55.4,12,15.7,21.7,23.9,29.2,21.5,1,3+,,
LAC,DET,01/02/20,LAC,12.5,LAC,126,112,122.3,108.7,60.3,46.3,14.6,10.7,26.1,29.8,16.3,26.9,1,2,,
WAS,POR,01/03/20,POR,7,POR,122,103,108.5,127.7,48.3,54.5,13.8,7.4,37.7,35.6,18.2,29.9,1,1,,
ORL,MIA,01/03/20,ORL,1,ORL,105,85,109.4,87.6,48.8,41.9,11.5,18.6,20.4,20,32.1,22.5,1,0,,
BOS,ATL,01/03/20,BOS,10.5,BOS,109,106,105.8,102.9,47.3,50.5,12.6,13.6,32.7,18.9,22.8,13.2,2,3+,,
HOU,PHI,01/03/20,HOU,4.5,HOU,118,108,115.8,105.9,54.7,48.9,13.9,10.9,24.5,25.9,28.2,19.6,2,2,,
PHX,NYK,01/03/20,PHX,7,PHX,120,112,115.5,108.7,52.2,50,9.7,14.6,24.5,28.6,28.9,22,1,1,,
LAL,NOP,01/03/20,LAL,10,LAL,123,113,119.4,109.7,58.1,52.5,13.6,11.7,22.2,27.8,27.1,5.9,1,3+,,
LAC,MEM,01/04/20,LAC,10,MEM,140,114,105.6,128.7,48,60.4,12,8.3,26.7,24.5,16.8,25,1,1,,
BRK,TOR,01/04/20,BRK,2,TOR,121,102,100,117.8,57.5,52.1,24.2,7.9,15.8,30.9,37.3,20.6,1,1,,
ORL,UTA,01/04/20,UTA,4,UTA,109,96,104.3,117.4,51.2,53.8,10.9,8.7,19.1,30.4,10.7,9.7,0,1,,
CLE,OKC,01/04/20,OKC,6.5,OKC,121,106,108.2,122.2,54.1,52.1,15.3,12.1,21.7,38.2,16.7,22.1,1,1,,
ATL,IND,01/04/20,IND,7,ATL,116,111,116.2,111.1,57.3,47.1,14.1,11.1,23.7,28.8,27.5,33.7,0,1,,
CHI,BOS,01/04/20,CHI,1,BOS,111,104,107.2,115.6,50.6,57.3,16.5,20.8,28,34.1,28.8,20.7,1,0,,
WAS,DEN,01/04/20,DEN,13,WAS,128,114,128,115.2,58.2,49.4,11,12.1,38.1,26.5,24.4,32.2,0,1,,
GSW,DET,01/04/20,DET,3,DET,111,104,103,106.9,47,58.4,13.9,20.8,25.5,22.5,32.9,16.9,1,1,,
DAL,CHA,01/04/20,DAL,11.5,CHA,123,120,118.8,123,54.5,55.9,9.9,18,26.9,37.8,11.1,32.9,1,1,,TRUE
MIL,SAS,01/04/20,MIL,12,MIL,127,118,121,112.5,59.2,46.8,8.6,7.7,15.7,23.2,27.6,33.3,2,1,,
SAC,NOP,01/04/20,SAC,2.5,NOP,117,115,107.5,109.4,51.8,52.9,19.8,14.2,30.8,23.5,31.8,28.7,1,0,,
LAC,NYK,01/05/20,LAC,9.5,LAC,135,132,122.4,125.7,65.1,64.3,17.8,15.2,25.6,23.8,33.3,28.6,0,1,,
MIA,POR,01/05/20,MIA,5,MIA,122,111,124.7,115.6,62.2,53.4,11.3,10.4,26.7,21.3,11.2,20.7,1,1,,
CLE,MIN,01/05/20,MIN,6,MIN,118,103,104,118,52.4,56.8,20.2,17,26.7,32.7,17.9,10.6,0,2,,
PHX,MEM,01/05/20,PHX,7,MEM,121,114,109.7,116.3,48.4,65.1,9.7,16.3,24.1,10,23.4,15.9,1,0,,
LAL,DET,01/05/20,LAL,14.5,LAL,106,99,101,95.2,48.9,44.2,12.6,15.4,23.1,18,17.4,38.5,1,0,,
ORL,BRK,01/06/20,ORL,5,ORL,101,89,100,87.3,48.1,38.5,19.8,12.7,25.5,21.5,28.4,16.1,1,1,,
WAS,BOS,01/06/20,BOS,9,WAS,99,94,98,92.1,50.6,38.9,13.9,16.8,17,34.4,17.1,21.1,1,1,,
CHA,IND,01/06/20,IND,6,IND,115,104,110.9,127.8,51.9,58.4,13,12.2,23.8,33.3,25,12.4,1,1,,
PHI,OKC,01/06/20,PHI,7,PHI,120,113,123.7,115.3,58.3,51.7,10.3,13.3,25.5,34.6,16.7,23.6,2,1,,
ATL,DEN,01/06/20,DEN,7,DEN,123,115,121.1,128.4,57.1,56,10.5,4.2,16.3,25.5,36,22,1,1,,
NOP,UTA,01/06/20,UTA,4,UTA,128,126,126.3,128.6,54.8,60,6.1,8.2,26.5,20,25.8,22.2,1,1,,
DAL,CHI,01/06/20,DAL,8,DAL,118,110,124.2,115.8,61.9,51.5,15.8,9.5,29.3,34.6,16.9,9.2,1,1,,
SAS,MIL,01/06/20,MIL,8,SAS,126,104,128.9,106.1,61.9,47.9,13.4,8.2,27.9,19.6,19.3,13.7,1,1,,
SAC,GSW,01/06/20,SAC,10,SAC,111,98,101.9,90.7,57.4,42.4,21.5,17.8,14,26.4,22.2,29.4,1,1,,
TOR,POR,01/07/20,TOR,2.5,POR,101,99,101,105.2,44.3,50.6,13.5,11.5,33.9,18,14.9,14,2,1,,
CLE,DET,01/07/20,DET,3.5,DET,115,113,116.7,118.6,57.6,53.3,17.7,9.3,27.9,21.6,17.9,19.8,1,1,,
BRK,OKC,01/07/20,BRK,1,OKC,111,103,92.8,99.1,46.4,47.3,15.3,15.2,21.7,18.5,12.2,26.4,0,0,,TRUE
MEM,MIN,01/07/20,MEM,4.5,MEM,119,112,112.3,107.7,56.2,52.8,15.1,19.2,23.3,27.5,21.6,18.9,1,1,,
PHX,SAC,01/07/20,PHX,6.5,SAC,114,103,103,112.9,55.2,53,19,15.8,14.6,25.5,23.7,29.8,1,0,,
LAL,NYK,01/07/20,LAL,13.5,LAL,117,87,112.5,82.9,60.4,41.1,19.2,16.2,14.6,26.7,22,9.5,1,1,,
ORL,WAS,01/08/20,ORL,9.5,ORL,123,89,121.8,86.4,55.2,46.4,16.8,22.3,34.8,22,31,13.3,1,1,,
IND,MIA,01/08/20,IND,1.5,MIA,122,108,111.3,122.2,53,63,12.4,11.1,18.8,15,22.9,24.7,1,2,,
CHA,TOR,01/08/20,TOR,2.5,TOR,122,110,111.1,114.3,52.9,52.1,20.2,13.3,36,30.4,22.4,14.9,1,0,,TRUE
BOS,SAS,01/08/20,BOS,7,SAS,129,114,108.6,121,48.9,60.3,14.3,14.3,24.1,20,30.3,27.6,1,1,,
ATL,HOU,01/08/20,HOU,8,HOU,122,115,104.6,111,42.9,49.5,10.1,11.9,31.8,29.8,22.9,34.1,1,3+,,
DAL,DEN,01/08/20,DAL,4,DEN,107,106,110.4,112.6,58.4,54.2,13.5,13.7,17.1,27.3,21.1,19,1,1,,
NOP,CHI,01/08/20,NOP,3.5,NOP,123,108,120.6,106.9,55.7,52.2,14.7,11.9,34.8,24.1,29.9,13,1,1,,
UTA,NYK,01/08/20,UTA,14,UTA,128,104,134.7,109.5,63.3,47.9,7.4,9.5,28.6,28.3,15.7,11.5,1,0,,
GSW,MIL,01/08/20,MIL,13.5,MIL,107,98,93.3,101,46.6,45.4,18.1,9.5,21.4,11.8,19.5,32.9,1,1,,
DET,CLE,01/09/20,DET,7.5,CLE,115,112,110.9,113.9,52,55.5,15.8,14.9,40.4,35.6,10.2,15.4,1,1,CLE,TRUE
PHI,BOS,01/09/20,PHI,0,PHI,109,98,113.5,103.2,55.1,51.1,13.5,15.8,31.1,22.4,13.8,9.2,2,0,,
MIN,POR,01/09/20,POR,0,MIN,116,102,118.4,103,56.7,42.2,15.3,12.1,36.2,34.8,16.9,21.9,1,1,,
OKC,HOU,01/09/20,HOU,4,OKC,113,92,111.9,91,55.7,44.4,12.9,14,22.2,18.2,18.6,14.6,1,0,OKC,
WAS,ATL,01/10/20,ATL,1.5,WAS,111,101,103.7,94.4,42,50,8.4,16.8,35.1,21.2,15.2,13.8,1,1,,
BRK,MIA,01/10/20,MIA,4,BRK,117,113,119.4,115.3,56.5,55.9,10.2,8.2,27.5,11.6,12.9,21.4,2,1,,
MEM,SAS,01/10/20,MEM,0,MEM,134,121,132.7,119.8,60,58,7.9,10.9,29.2,17,14,23,2,1,,
CHI,IND,01/10/20,CHI,1,IND,116,105,108.2,118.4,57.5,63.7,16.5,14.3,15.6,20,16.3,10.7,1,1,,
NYK,NOP,01/10/20,NOP,4.5,NOP,123,111,104.7,115,48.5,66.3,12.3,18.7,30.4,17.5,14,10.7,1,1,,
DAL,LAL,01/10/20,DAL,2.5,LAL,129,114,112,130.6,46.4,58.4,9,7.1,33.3,27.3,26.3,28.1,1,2,,
PHX,ORL,01/10/20,PHX,4.5,PHX,98,94,102.1,98.9,47.5,42.1,15.6,16.8,21.7,33.9,29.1,21.3,2,1,,
UTA,CHA,01/10/20,UTA,12,UTA,109,92,117.2,97.9,62,52,17.2,22.3,24.4,25.6,13.9,18.9,1,1,,
SAC,MIL,01/10/20,MIL,9.5,MIL,127,106,96.4,113.5,51,54.7,14.5,9.9,11.8,14.6,8.4,24.5,2,1,,
LAC,GSW,01/10/20,LAC,14.5,LAC,109,100,106.9,98,55.4,42.7,18.8,9.8,23.4,23,19,18.9,3+,1,,
HOU,MIN,01/11/20,HOU,10,HOU,139,109,121.1,95.6,61.1,44.7,19.3,15.8,29.2,25.4,24.5,25.3,1,1,,
BOS,NOP,01/11/20,BOS,11.5,BOS,140,105,130.8,99.1,62,47,10.3,15.1,31.1,29,16,11,1,0,,
DET,CHI,01/11/20,DET,4,CHI,108,99,103.1,113.7,51.9,57.2,17.5,13.6,29.3,23.1,23.1,15.7,1,0,,
OKC,LAL,01/11/20,OKC,9,LAL,125,110,107.9,122.8,51.6,59.1,6.9,11.9,13.7,28.6,16.3,8.2,1,0,,
DAL,PHI,01/11/20,DAL,2.5,DAL,109,91,114.9,95.8,57.6,42.3,17,4.2,33.3,23.8,22.8,8.2,0,1,,
DEN,CLE,01/11/20,DEN,12.5,CLE,111,103,108.4,114.4,47.4,56.2,5.3,15.5,23.2,28.9,13.7,12.4,2,1,,
POR,MIL,01/11/20,MIL,7.5,MIL,122,101,92.6,111.9,44.2,52.4,12,9.2,14.8,20.7,17.9,13.7,1,0,,
NYK,MIA,01/12/20,MIA,7.5,NYK,124,121,131.9,127.4,56.7,62.8,7.4,15.8,26.7,25,25.8,29.5,1,1,,
WAS,UTA,01/12/20,UTA,6,UTA,127,116,113.9,125.7,54.3,58.9,9.9,10.9,24.4,29.5,16.1,23.3,1,1,,
MEM,GSW,01/12/20,MEM,6.5,MEM,122,102,111.9,94.4,50.5,47.3,15.6,20.4,36.2,25.9,21.2,16.5,1,1,,
TOR,SAS,01/12/20,TOR,5,TOR,105,104,101,102.9,49.5,47.7,11.9,10.8,19.6,19.6,9.5,25.3,3+,1,,
BRK,ATL,01/12/20,BRK,9,BRK,108,86,100,80.4,59.7,39.2,24.1,11.2,21.4,10.8,20.8,10.3,1,1,,
PHX,CHA,01/12/20,PHX,8.5,PHX,100,92,103.1,96.8,54.3,46.5,18.6,16.8,30.2,24.5,13.4,14,1,1,CHA,
DEN,LAC,01/12/20,LAC,1,DEN,114,104,114.3,106.1,55.2,50,14.3,14.3,23.3,22.4,38.2,23.8,0,1,LAC,
IND,PHI,01/13/20,IND,1,IND,101,95,102,97.9,44.2,44.9,9.2,13.4,25.9,28.8,29.1,16.9,2,1,PHI,
DET,NOP,01/13/20,DET,3.5,NOP,117,110,100,106.4,46,46.1,8.2,17.3,17.2,36.5,19.2,21.6,1,1,NOP,TRUE
BOS,CHI,01/13/20,BOS,9.5,BOS,113,101,114.1,103.1,52.4,49.4,12.1,14.3,26.7,18.2,31.3,26.3,1,1,,
MIN,OKC,01/13/20,OKC,2,OKC,117,104,104,115.8,48.4,57.3,10,14.9,18.5,25,17.8,28.4,2,1,OKC,
SAC,ORL,01/13/20,SAC,2,ORL,114,112,112,115.2,58,48.4,12,8.1,16.3,24.1,11.4,27.5,2,2,ORL,
POR,CHA,01/13/20,POR,9.5,POR,115,112,122.3,119.1,60.2,54.4,13.8,8.5,25,22,18.3,15.6,1,0,CHA,
LAL,CLE,01/13/20,LAL,14,LAL,128,99,129.3,99,60.8,48.8,9.1,20.2,25.6,30,23.9,19,1,1,LAL,
BRK,UTA,01/14/20,UTA,3.5,UTA,118,107,107.1,119.4,54.4,57.1,12.2,9.2,27.1,22.2,10.1,14.3,1,1,UTA,
ATL,PHX,01/14/20,PHX,3,ATL,123,110,117.3,105.8,57,48.3,16.3,11.5,31.9,22.9,18.3,30.2,1,1,PHX,
MIL,NYK,01/14/20,MIL,17,MIL,128,102,114.5,91,57.1,40.7,12.7,9.9,18.4,22.4,25,18.8,2,1,MIL,
MEM,HOU,01/14/20,HOU,5,MEM,121,110,123.5,110.2,58.3,51.2,9.2,16.3,22.7,28.6,17.8,25.9,1,2,HOU,
LAC,CLE,01/14/20,LAC,15,LAC,128,103,129.3,104,60.1,49.5,11.1,13.1,34.7,25,16,14.4,1,0,CLE,
GSW,DAL,01/14/20,DAL,8,DAL,124,97,100,126.8,50,57.8,14.4,8.2,17,36,11.5,13.7,1,2,DAL,
BOS,DET,01/15/20,BOS,9.5,DET,116,103,106.2,118.8,54.8,67.9,15.5,13.5,27.7,10.5,14.5,13,1,1,DET,
PHI,BRK,01/15/20,PHI,7,PHI,117,106,118.2,107.1,57.4,50.6,12.1,15.2,28.3,29.6,18.2,20.7,1,0,BRK,
MIA,SAS,01/15/20,MIA,5,MIA,106,100,109.3,104.2,56.2,49.4,10.3,8.4,19.6,15.4,8.1,13.5,2,2,MIA,
CHI,WAS,01/15/20,CHI,5.5,CHI,115,106,113.9,105,58.8,53.8,14.9,16.8,23.3,20.5,17.6,26.6,1,2,WAS,
MIN,IND,01/15/20,IND,3,IND,104,99,99,104,49.4,55.9,15,15,24.5,16.7,13.6,10.7,1,1,IND,
OKC,TOR,01/15/20,OKC,1,TOR,130,121,115.4,127.5,60,70,19.2,18.6,20,20,22.9,13.1,1,2,TOR,
DEN,CHA,01/15/20,DEN,11.5,DEN,100,86,107.8,94.5,53.8,48.1,14.4,16.5,21.3,24,19,10,2,1,CHA,
HOU,POR,01/15/20,HOU,8.5,POR,117,107,104.9,113.6,47.9,48.9,11.8,7.8,24.2,28.6,15.6,25.8,0,1,POR,
SAC,DAL,01/15/20,DAL,4.5,DAL,127,123,123,126,58.3,58.2,8,11,26,29.8,11.5,22,1,0,DAL,
LAL,ORL,01/15/20,LAL,10,ORL,119,118,114.6,114.6,57.2,51.6,15.5,13.6,27.5,29.4,7.2,24.7,1,1,ORL,
NYK,PHX,01/16/20,PHX,2,PHX,121,98,94.2,116.3,45.6,57.6,17.3,18.3,23.2,32.6,17.8,16.3,1,1,,
NOP,UTA,01/16/20,UTA,5.5,NOP,138,132,123.2,117.9,60.8,53.5,11.6,11.6,22.2,28.1,27.2,25.3,2,1,,TRUE
MIL,BOS,01/16/20,MIL,11,MIL,128,123,121.9,115.1,58.6,51.5,9.5,7.5,18,19.3,29.9,22.4,1,0,,
LAC,ORL,01/16/20,LAC,10,LAC,122,95,122,95,56.8,46.7,10,9,28,13.6,14.7,9.8,1,0,,
GSW,DEN,01/16/20,DEN,3.5,DEN,134,131,113.2,118.8,54.7,55.5,16.7,17.9,22.6,37,28.4,23.2,1,0,,TRUE
PHI,CHI,01/17/20,PHI,8,PHI,100,89,106.4,93.6,54.3,48.1,13.8,18.1,21.4,22.9,13.4,13.8,1,1,,
TOR,WAS,01/17/20,TOR,10.5,TOR,140,111,128.7,102.8,69.2,53.4,17.6,25.9,25,31.5,15.4,18,1,1,,
IND,MIN,01/17/20,IND,6.5,IND,116,114,114.9,114,61,55.1,12.9,13,16.2,19.6,20,19.3,1,1,,
MEM,CLE,01/17/20,MEM,9,MEM,113,109,106.7,104.8,55.6,49.5,11.5,14.4,15.6,31.5,16.1,19.6,2,2,,
OKC,MIA,01/17/20,MIA,1,MIA,115,108,114.9,118.8,54.8,57.1,10.6,11.5,12.5,27.9,19,22.9,1,1,,
SAS,ATL,01/17/20,SAS,9,ATL,121,120,110.3,114.2,50,61.6,14,17.9,30.2,18.6,22.7,24.4,1,2,,
DAL,POR,01/17/20,DAL,7.5,DAL,120,112,122.4,113.1,55.1,57.1,13.3,12.1,32,20.9,25,17.6,1,1,,
NOP,LAC,01/18/20,LAC,5.5,LAC,133,130,118.2,122,62.2,54.8,19.1,11,32.6,22,27.1,33.3,1,1,LAC,
BRK,MIL,01/18/20,MIL,9,MIL,117,97,86.5,104.5,40.9,60.1,15.3,17.9,21.2,13.3,16.2,11.2,2,1,MIL,
BOS,PHX,01/18/20,BOS,7,PHX,123,119,112.3,116,51.6,54.5,10.4,14.2,18.5,25,21.1,29.5,1,1,PHX,
ATL,DET,01/18/20,DET,1,DET,136,103,99,126.7,48.4,68,19.2,17.1,33.3,37.8,14,22.1,0,2,DET,
NYK,PHI,01/18/20,PHI,4,PHI,90,87,92.6,95.7,43.2,50,14.9,15.1,31.5,13.3,12.6,15.4,1,0,PHI,
CHI,CLE,01/18/20,CHI,6.5,CHI,118,116,118,116,60.3,64.2,12,26,15.4,29.4,14.9,28.8,0,0,CHI,
MIN,TOR,01/18/20,TOR,5,TOR,122,112,103.7,115.1,47.9,58.8,15.9,13.2,29.1,15.6,23.9,16.5,0,0,TOR,
HOU,LAL,01/18/20,HOU,2,LAL,124,115,102.7,113.8,51.1,54.3,18.2,15.6,25,30.9,25.6,24.7,2,2,LAL,
GSW,ORL,01/18/20,ORL,5.5,GSW,109,95,110.1,96.9,52.1,50.6,11.1,15.3,20,20,12.1,9.3,1,1,ORL,
OKC,POR,01/18/20,OKC,6,OKC,119,106,118,107.1,56,49.5,13,12.2,30.4,24.1,31.3,17.6,0,0,POR,
UTA,SAC,01/18/20,UTA,9,UTA,123,101,128.1,105.2,58.8,54.7,10.4,10.4,24.4,15.6,27.4,8.1,1,2,SAC,
SAS,MIA,01/19/20,MIA,1,SAS,107,102,113.8,108.5,49.4,48.8,11.7,10.6,22.4,23.4,27.1,20.9,1,1,SAS,
DEN,IND,01/19/20,DEN,1.5,IND,115,107,110.3,121.1,48.3,57.6,9.3,15.8,32.6,30.4,25.3,18.6,2,1,IND,
WAS,DET,01/20/20,WAS,1,WAS,106,100,103.9,100,56.7,48.3,19.66,17,20,27.3,16,15.7,2,1,,
ATL,TOR,01/20/20,TOR,9,TOR,122,117,106.4,111,56.6,48.4,21.8,12.8,24.4,25.4,28.8,35.9,1,1,,
BRK,PHI,01/20/20,PHI,2.5,PHI,117,111,106.7,112.5,54.9,51.6,21.2,12.5,30.6,28.3,27.2,21.3,1,1,,
CHA,ORL,01/20/20,ORL,3.5,ORL,106,83,91.1,117.8,44.7,55.4,20,12.2,24.5,35.3,19.7,4.3,3+,1,,
MEM,NOP,01/20/20,MEM,3,NOP,126,116,108.4,117.8,49,59.7,13.1,15.9,33.9,17.4,14.7,23.9,2,1,,
CLE,NYK,01/20/20,NYK,1.5,NYK,106,86,89.6,111.6,39.9,53.5,10.4,10.5,27.7,17.4,11.8,17.6,1,1,,
MIL,CHI,01/20/20,MIL,15.5,MIL,111,98,102.8,90.7,64.7,44.6,21.5,15.9,13.2,16.9,12.8,17.4,1,1,,
HOU,OKC,01/20/20,HOU,7.5,OKC,112,107,102.9,107.7,49,50,10.6,12.5,21.1,24.5,12.4,22,1,1,,
MIA,SAC,01/20/20,MIA,3.5,MIA,118,113,108.3,103.7,60.2,47.6,19.3,13.8,16.7,32.3,21.7,11.3,0,1,,TRUE
BOS,LAL,01/20/20,LAL,3,BOS,139,107,137.6,106,64.5,47.8,11.9,15,40,29.4,20.4,25,1,1,,
MIN,DEN,01/20/20,MIN,3.5,DEN,107,100,106.4,112.6,48.9,53.9,9.6,13.7,22.2,33.3,12.1,11.1,1,0,,
PHX,SAS,01/20/20,PHX,4.5,SAS,120,118,121.6,123.7,57.5,59.2,14.4,9.3,26.3,22.2,32.9,19.5,1,0,,
UTA,IND,01/20/20,UTA,8,UTA,118,88,119.2,89.8,60.9,45.7,21.2,14.3,38.5,20,14,3.3,1,0,,
POR,GSW,01/20/20,POR,7.5,POR,129,124,115.2,107.8,51,45.3,10.7,7.8,22.4,31.3,27.3,16.8,1,1,,TRUE
DAL,LAC,01/21/20,DAL,1.5,LAC,110,107,109.2,112.2,49.5,43.3,13.3,11.2,29.6,38.5,18.7,26.8,3+,2,,
DET,SAC,01/22/20,DET,1,DET,127,106,119.8,101,61.6,48,16,10.5,8.3,23.7,51.4,12.4,1,1,DET,
ORL,OKC,01/22/20,ORL,1.5,OKC,120,114,112.9,120,55.4,66.4,14.9,15,26.5,6.2,13.2,25,1,1,OKC,
BOS,MEM,01/22/20,BOS,7,BOS,119,95,117.8,94.1,58.4,48.8,10.9,18.8,21.3,23.5,16.9,14.1,1,1,BOS,
NYK,LAL,01/22/20,LAL,12.5,LAL,100,92,102.2,111.1,47.2,49.4,18.9,11.1,37,30,10.2,23.5,1,1,LAL,
MIA,WAS,01/22/20,MIA,10,MIA,134,129,121.8,116.2,60.6,57.1,14.5,9.9,18.2,18.8,36.5,16.2,1,1,MIA,TRUE
TOR,PHI,01/22/20,TOR,6.5,TOR,107,95,109.2,96.9,54.1,48.8,12.2,13.4,20.8,14.8,16.3,15.5,1,1,PHI,
ATL,LAC,01/22/20,LAC,3.5,ATL,102,95,102,95,40.7,44.9,15,14,41.2,18,18.6,32.1,1,0,LAC,
CHI,MIN,01/22/20,MIN,1,CHI,117,110,114.9,106.9,51.8,56.4,12.9,17.6,31.2,23.5,35.7,15.1,1,1,CHI,
HOU,DEN,01/22/20,HOU,9,HOU,121,105,121,104,54.5,51.1,19,15,40.8,26.9,27,12,1,1,DEN,
NOP,SAS,01/22/20,NOP,4,SAS,121,117,113.6,116.3,54.8,56.7,13.6,10.6,19.1,21.7,29.8,22.7,1,1,SAS,
PHX,IND,01/22/20,IND,1.5,IND,112,87,89.6,116.7,38.1,58.9,13.5,9.4,23.6,11.6,27.4,15.5,1,1,IND,
GSW,UTA,01/22/20,UTA,8.5,UTA,129,96,98,130.6,43.2,62.9,8.2,11.2,20.8,37.5,23,13,1,1,UTA,
CLE,WAS,01/23/20,CLE,2.5,WAS,124,112,114.4,126.5,51.6,64.7,9.3,10.2,25.9,18.4,13.5,16.5,2,0,CLE,
BRK,LAL,01/23/20,LAL,5,LAL,128,113,107.6,121.9,55.5,60.1,15.2,15.2,17.6,28,13.2,16.1,2,0,LAL,
POR,DAL,01/23/20,DAL,4.5,DAL,133,125,123.8,130.7,62.1,63.4,14.9,8.9,30.4,24.5,13.3,16.3,2,1,DAL,
CHA,MIL,01/24/20,MIL,13.5,MIL,116,103,99,112.6,45.3,56.3,12.5,15.5,16.7,27.3,29.8,20.7,3+,3+,MIL,
DET,MEM,01/24/20,DET,1.5,MEM,125,112,112.1,126.5,48.9,61.4,8.1,14.3,25.5,23.7,25.6,35.4,1,1,MEM,
ORL,BOS,01/24/20,ORL,1.5,BOS,109,98,100,112.4,46.7,54.7,14.3,14.4,26.8,25.5,15.7,17.4,1,1,BOS,
NYK,TOR,01/24/20,TOR,7.5,TOR,118,112,120.4,126.9,57.1,61.1,17.2,7.5,38.6,15,17.6,23.5,1,1,TOR,
MIN,HOU,01/24/20,HOU,5.5,HOU,131,124,114.8,119.1,54.6,57.7,15.7,9.1,28.8,13.3,17.3,28.6,1,1,HOU,
MIA,LAC,01/24/20,LAC,2.5,LAC,122,117,117,122.2,50,54.3,9,9.1,24.1,24.1,26.4,21.3,1,1,MIA,
CHI,SAC,01/24/20,CHI,2,SAC,98,81,85.3,101.1,44.3,49.4,22.1,14.7,25,17.8,13.9,22.2,1,1,SAC,
NOP,DEN,01/24/20,NOP,4,DEN,113,106,104,114.3,53.7,43.9,17.2,15.3,27.7,49.2,22,19,1,1,DEN,
OKC,ATL,01/24/20,OKC,10.5,OKC,140,111,137.3,111,66.3,51.6,13.7,11,30.8,23.1,30.2,17.4,1,1,OKC,
SAS,PHX,01/24/20,SAS,4,PHX,103,99,103.1,108.4,45.5,51.2,14.6,14.7,23.3,27.1,36.4,20.2,1,1,PHX,
GSW,IND,01/24/20,IND,5.5,IND,129,118,115.8,125.5,60.4,67.2,19.8,11.8,23.3,16.2,23.2,13.8,1,1,IND,
UTA,DAL,01/25/20,UTA,5,UTA,112,107,114.3,109.2,52.2,51.5,13.3,9.2,31.5,23.2,18.9,7.4,2,1,DAL,
DET,BRK,01/25/20,BRK,2,BRK,121,111,106.7,116.3,47.6,52.7,7.7,10.6,27,26.9,11.5,23.7,0,1,BRK,TRUE
MIN,OKC,01/25/20,OKC,2,OKC,113,104,101,108.8,51.1,55.6,12.7,13.7,19.2,14.3,13.3,30.4,0,0,OKC,
CLE,CHI,01/25/20,CLE,1.5,CHI,118,106,104,116.8,57.7,58.8,21,10.9,27.3,17.1,10.8,21.4,1,0,CHI,
PHI,LAL,01/25/20,LAL,4,PHI,108,91,105.9,88.2,60.9,50,22.8,21.6,22.5,15.6,16.7,19.7,2,1,LAL,
DEN,HOU,01/26/20,DEN,2,DEN,117,110,117,107.8,53.2,51.7,15,17.6,32.7,30.8,19.4,21.6,1,1,HOU,
SAS,TOR,01/26/20,TOR,2.5,TOR,110,106,105,107.9,51.2,49.5,16.8,8.9,18.8,24.6,26.8,12.2,1,1,TOR,
NYK,BRK,01/26/20,NYK,1.5,NYK,110,97,113.5,99,56.5,50,15.6,16.5,34.8,24,6.5,19.8,1,0,BRK,
MEM,PHX,01/26/20,MEM,3,MEM,114,109,101.8,97.3,57.1,44,23.2,16.1,25.6,24.6,21.7,30.8,1,1,PHX,
NOP,BOS,01/26/20,BOS,1,NOP,123,108,116,102.9,56.5,50.6,18.9,16.2,39.6,20,20.7,20.5,1,1,BOS,
ATL,WAS,01/26/20,ATL,1,ATL,152,133,135.7,119.8,66.1,54,13.4,10.8,31,17,31.5,43.7,1,2,WAS,
ORL,LAC,01/26/20,LAC,4,LAC,112,97,101,115.6,39.5,55.1,7.3,18.8,32.8,35.6,23.2,31.6,1,1,LAC,
POR,IND,01/26/20,POR,2,POR,139,129,139,129,65.6,58.6,17,7,38.1,20.5,23.9,22,2,1,IND,
DET,CLE,01/27/20,DET,7,CLE,115,100,101,116.2,52.4,54.7,18.2,14.1,25,34,14.3,10.4,1,1,DET,
MIA,ORL,01/27/20,MIA,6,MIA,113,92,124.2,101.1,62,43.3,13.2,7.7,15.8,24.6,19,17,2,0,MIA,
OKC,DAL,01/27/20,DAL,1,DAL,107,97,99,108.1,46.5,51,10.2,9.1,15.1,22.8,19.8,6.1,1,1,DAL,
MIN,SAC,01/27/20,MIN,3,SAC,133,129,113.3,118.9,61.2,60.2,19.5,14.4,29.4,20.8,22.7,30.7,1,2,SAC,TRUE
CHI,SAS,01/27/20,CHI,1.5,CHI,110,109,113.4,112.4,52.7,52.4,12.7,12.4,28.8,26.5,12.9,28,1,0,SAS,
UTA,HOU,01/27/20,UTA,12.5,HOU,126,117,107.3,114.7,57.6,56.2,16.5,15.6,14.3,22,22.9,43.2,1,0,,
CHA,NYK,01/28/20,CHA,1.5,CHA,97,92,102.1,96.8,43.2,49.4,14.7,13.7,35.1,16.7,21.1,8.1,3,1,NYK,
TOR,ATL,01/28/20,TOR,12.5,TOR,130,114,117.1,100.9,56.2,51.1,11.7,16.2,26.9,19.2,21.9,22,1,1,TOR,
MIA,BOS,01/28/20,MIA,2,BOS,109,101,103.1,112.4,42.1,54.8,11.2,14.4,29.8,25.5,29.2,21.7,0,1,BOS,
CLE,NOP,01/28/20,NOP,8,NOP,125,111,108.8,122.5,49.5,60.8,14.7,17.6,34.5,27.3,16.7,20.5,0,1,NOP,
PHI,GSW,01/28/20,PHI,12,PHI,115,104,109.5,96.3,57.9,51.1,15.2,13.1,13.6,11.1,24.4,17.2,2,3,PHI,
MIL,WAS,01/28/20,MIL,16,MIL,151,131,136.7,118.3,66.1,54.3,13.8,10.1,34.1,26,35.6,30.9,3+,1,MIL,
MEM,DEN,01/28/20,MEM,1.5,MEM,104,96,106.1,98,59.8,47.1,16.3,19.4,15.4,29.6,7.3,17.4,1,1,DEN,
DAL,PHX,01/28/20,DAL,7,PHX,133,104,101,129.4,48.8,66.3,16.5,12.7,28.3,22.9,28,22.1,0,1,PHX,
IND,CHI,01/29/20,IND,9.5,IND,115,106,109.5,100,55.6,56.5,18.1,19,34.1,14.3,18,11.9,2,1,CHI,TRUE
BRK,DET,01/29/20,BRK,6.5,BRK,125,115,121.8,113.9,59.4,56.6,9.9,15.8,20,26.2,28.2,25.3,2,1,DET,
NYK,MEM,01/29/20,MEM,2.5,MEM,127,106,101,121.2,47.8,57.6,17.1,11.5,27.6,17.8,21.1,32.6,0,0,MEM,
SAS,UTA,01/29/20,UTA,5,SAS,127,120,125.7,116.5,61,52.4,8.9,12.6,13.5,34,32.9,38.6,1,1,UTA,
SAC,OKC,01/29/20,OKC,3,OKC,120,100,106.4,125,51.1,58.5,14.9,13.5,28.8,32.6,7.7,19.5,1,1,OKC,
POR,HOU,01/29/20,HOU,1.5,POR,125,112,117.9,103.7,59,51.6,17.9,14,29.8,20.4,22.5,16,2,1,HOU,
WAS,CHA,01/30/20,WAS,4,WAS,121,107,124.7,107.1,55.8,48,20.6,9.2,47.7,29.3,29.1,12.1,1,1,CHA,
CLE,TOR,01/30/20,TOR,10,TOR,115,109,107.9,113.9,53.9,56,22.8,12.9,36,21.3,13.3,25.3,1,1,TOR,
ATL,PHI,01/30/20,PHI,7,ATL,127,117,115.7,109.3,54.6,51.8,14.8,11.2,23.4,17.6,36.8,39,1,1,PHI,
BOS,GSW,01/30/20,BOS,12.5,BOS,119,104,114.4,100,56.2,50.6,22.1,16.3,40.4,7.1,22.7,34.2,1,1,BOS,
DEN,UTA,01/30/20,DEN,1.5,DEN,106,100,111.6,107.5,52.4,57.1,10.5,17.2,25,20,20,14.1,1,0,UTA,
LAC,SAC,01/30/20,LAC,13,SAC,124,103,104.1,123,45.1,61.9,15.3,12,30.5,23.8,21.7,17,3+,0,LAC,
DET,TOR,01/31/20,TOR,4.5,TOR,105,92,95.8,110.5,42.4,57.1,17.7,16.8,28.3,25.6,9.4,32.1,1,0,TOR,
BRK,CHI,01/31/20,BRK,5.5,BRK,133,118,130.4,115.7,71.9,55.8,19.6,13.7,18.2,25.6,22.8,25.9,1,1,CHI,
NOP,MEM,01/31/20,NOP,5.5,NOP,139,111,129.9,103.8,61.6,50,17.8,10.4,44.4,21.4,23.2,15.8,2,1,NOP,
HOU,DAL,01/31/20,HOU,9.5,HOU,128,121,124.8,121,56.6,55.6,6.9,17,21.2,34.7,17.3,23.3,1,2,,
PHX,OKC,01/31/20,OKC,1,OKC,111,107,109.2,112.1,53.3,46.9,20.4,14.1,30,40.4,34.7,21.1,2,1,OKC,
MIL,DEN,01/31/20,MIL,9.5,DEN,127,115,104.6,116.7,51.6,59,11.9,12,19.3,15.7,17.9,9.1,2,0,MIL,
LAL,POR,01/31/20,LAL,13,POR,127,119,110.2,118.7,52.6,57.2,16.7,6.5,32.2,15.7,18.8,16.5,2,1,POR,
LAC,MIN,02/01/20,LAC,10.5,LAC,118,106,110.3,99.1,52,44.6,12.1,15.9,23.1,18,16.5,37.8,1,3+,,
IND,NYK,02/01/20,IND,11,NYK,92,85,93.4,100,47.4,45.7,12.1,14.1,10.2,30.6,17.3,20.7,2,2,,
ORL,MIA,02/01/20,MIA,2.5,MIA,102,89,97.8,112.1,45.2,52.6,11,14.3,19.2,27.3,16.9,27.6,3+,3+,,
WAS,BRK,02/01/20,BRK,1.5,WAS,113,107,111.9,107,48.5,50,9.9,16,32.8,33.3,16,14.1,1,0,,
CLE,GSW,02/01/20,CLE,1.5,GSW,131,112,110.9,129.7,51.6,63.3,15.8,10.9,32.7,23.3,14.9,18.9,1,1,,
DAL,ATL,02/01/20,DAL,4.5,DAL,123,100,123,101,57.4,46.2,9,11.1,21.6,22.8,16,17.8,0,1,,
BOS,PHI,02/01/20,PHI,1.5,BOS,116,95,119.6,96.9,52.5,41.1,11.3,14.4,25.5,29.1,40.5,31,1,1,,
SAS,CHA,02/01/20,SAS,8.5,SAS,114,90,117.5,92.8,57.5,48.2,12.4,17.5,22.7,19.1,16.3,12.3,2,1,,
POR,UTA,02/01/20,UTA,6.5,POR,124,107,127.8,111.5,59.2,52.1,12.4,10.4,38.3,22.6,16.3,9.6,0,1,,
SAC,LAL,02/01/20,LAL,7,LAL,129,113,111.9,127.7,50.5,62.2,15.8,14.9,31.5,28.9,23.3,25.6,1,0,,
DET,DEN,02/02/20,DEN,2.5,DET,128,123,125.5,121.8,58.5,55.2,11.8,9.9,29.8,29.8,19.4,17.9,1,1,DEN,TRUE
MIL,PHX,02/02/20,MIL,12.5,MIL,129,108,119.4,101.9,57.2,41.9,15.7,9.4,33.3,30.3,18.6,19,1,1,MIL,
HOU,NOP,02/02/20,HOU,5,HOU,117,109,109.3,101.9,46.7,50,7.5,21.5,23.1,36.5,18.1,16,1,1,NOP,
TOR,CHI,02/02/20,TOR,10.5,TOR,129,102,133.3,105.2,65.5,47.2,15.6,16.5,34.2,34.5,22.6,18.9,1,1,CHI,
IND,DAL,02/03/20,IND,5,DAL,112,103,107.4,116.8,49.5,52.3,4.2,12.6,18.9,28,8.5,25.6,1,1,DAL,
CHA,ORL,02/03/20,ORL,4.5,ORL,112,100,109.9,123.1,51.1,63.7,13.2,11,34,19,10.1,12.5,1,1,ORL,
CLE,NYK,02/03/20,CLE,2,NYK,139,134,121.8,123.4,66.3,60.8,13.6,10.8,17.1,30.4,13.2,13.7,1,1,NYK,TRUE
WAS,GSW,02/03/20,WAS,5.5,GSW,125,117,113.6,120.2,56,58,10.7,13.5,9.8,24.5,28.9,27.6,1,1,GSW,
ATL,BOS,02/03/20,BOS,7,BOS,123,115,112.7,120.8,57.1,60,16.7,14.9,23.3,29.5,23.2,16.7,1,1,BOS,
BRK,PHX,02/03/20,BRK,2.5,BRK,119,97,119,98,56.7,46.7,17,16.3,31.9,30.8,20.5,14.4,1,0,BRK,
MIA,PHI,02/03/20,MIA,2.5,MIA,137,106,147.8,115.2,65.9,51.2,3.3,15.2,17.9,36.2,29.8,25.3,1,1,PHI,
MEM,DET,02/03/20,MEM,8,MEM,96,82,101.1,87.2,47.8,38.8,11.6,17,25.5,35.4,11.1,6.1,2,0,MEM,
SAC,MIN,02/03/20,SAC,2,SAC,113,109,116.5,114.7,60,51.2,17.5,16.8,22,36,30.7,26.2,1,1,MIN,
LAC,SAS,02/03/20,LAC,9.5,LAC,108,105,105.9,102.9,53,48.4,11.8,7.8,10.6,14.5,22.6,13.8,1,1,SAS,
NOP,MIL,02/04/20,MIL,6,MIL,120,108,93.9,105.3,45.5,52.5,14.8,14.9,18.6,23.2,18.2,12.7,1,1,MIL,
HOU,CHA,02/04/20,HOU,14,HOU,125,110,122.5,107.8,54.6,54.8,4.9,16.7,17.9,25.5,19.8,22.9,1,0,CHA,
DEN,POR,02/04/20,DEN,4.5,DEN,127,99,129.6,100,60.6,44.5,14.3,9.1,35.6,21.1,20,19.8,1,2,POR,
LAL,SAS,02/04/20,LAL,12,LAL,129,102,134.7,105.2,65.9,51.1,13.7,5.2,35,12.7,20,9.9,2,0,LAL,
DET,PHX,02/05/20,PHX,3,DET,116,108,126.1,116.3,54.7,62.3,9.8,17.4,34.6,18.9,12.6,15.6,1,1,DET,
BOS,ORL,02/05/20,BOS,8.5,BOS,116,100,119.8,104.2,61,51.3,13.5,17.7,21.4,21.7,12.8,30.7,1,1,ORL,
TOR,IND,02/05/20,TOR,6.5,TOR,119,118,121.4,119.2,57,64,10.2,19.2,19,25,24.7,15.9,2,1,IND,
BRK,GSW,02/05/20,BRK,7,BRK,129,88,128,87,58,39.1,15,7,38.8,14.3,13,13.7,1,1,BRK,
OKC,CLE,02/05/20,OKC,12.5,OKC,109,103,107.9,101,52.5,54.5,11.9,19.8,15.6,25.5,30,6.7,3+,1,CLE,
MIN,ATL,02/05/20,MIN,6,ATL,127,120,109.1,116.5,54.4,60.4,15.5,19.3,16.7,22.5,23.3,34.1,1,1,MIN,
DAL,MEM,02/05/20,DAL,5.5,MEM,121,107,107,122.2,45.2,59.6,9,11.1,25,23.8,23.9,16.9,1,1,MEM,
UTA,DEN,02/05/20,UTA,9,DEN,98,95,97.9,101,50,47.2,14.4,11.3,18,24.5,10.6,14.8,3,0,DEN,
LAC,MIA,02/05/20,LAC,6.5,LAC,128,111,128,109.9,64,51.6,14,8.9,23.4,19.3,16.1,16.1,1,1,LAC,
NYK,ORL,02/06/20,ORL,2.5,NYK,105,103,106.1,103,50,51.3,14.3,21,32,26.2,14.1,35.6,2,0,NYK,
CHI,NOP,02/06/20,NOP,5,NOP,125,119,112.3,117.9,56.5,65.5,15.1,19.8,27.5,24.4,15.1,12.6,3+,1,CHI,
MIL,PHI,02/06/20,MIL,8.5,MIL,112,101,106.7,97.1,53.2,47,13.3,10.6,22.2,18.8,12.8,8.1,1,2,MIL,
POR,SAS,02/06/20,POR,3.5,POR,125,117,126.3,119.4,63,50,12.1,4.1,26.7,17.3,9.8,27.5,1,1,SAS,
LAL,HOU,02/06/20,LAL,5,HOU,121,111,107.8,118.6,54.4,61.8,15.5,15.7,23.9,17.1,13.6,19,1,1,HOU,
WAS,DAL,02/07/20,DAL,3.5,WAS,119,118,121.4,121.6,60.6,54.9,13.3,14.4,23.9,36,11.2,19.8,3+,1,DAL,
PHI,MEM,02/07/20,PHI,5.5,PHI,119,107,112.3,101.9,61.1,43.5,19.8,13.3,28.3,25,10,28,0,1,PHI,
BOS,ATL,02/07/20,BOS,9,BOS,112,107,113.1,108.1,52.3,48.3,13.1,14.1,25.5,27.5,26.2,27.9,1,1,BOS,
OKC,DET,02/07/20,OKC,13,OKC,108,101,121.3,112.2,54.6,48.9,13.5,12.2,31.6,37.7,32.9,15.7,1,1,DET,
IND,TOR,02/07/20,TOR,1,TOR,115,106,106,113.9,51.2,57.4,20,15.8,31.2,22.9,21.2,16.1,1,1,TOR,
PHX,HOU,02/07/20,HOU,3,PHX,127,91,125.7,91.9,65.6,40.6,22.8,16.2,34.3,24.6,33.8,26.2,1,0,PHX,
SAC,MIA,02/07/20,MIA,1.5,SAC,105,97,110.5,103.2,60.4,51.9,14.7,21.3,14.3,31.1,7.4,22.4,3+,1,MIA,
UTA,POR,02/07/20,UTA,8.5,UTA,117,114,112.7,111.8,54.9,54.1,14.7,8.8,32.7,20.4,18.7,9.4,1,0,POR,
ORL,MIL,02/08/20,MIL,8.5,MIL,111,95,92.2,106.7,42.9,53.2,8.7,15.4,17.2,23.5,11.2,12.9,1,1,,
DET,NYK,02/08/20,NYK,1.5,NYK,95,92,103.4,108,58.7,49.4,18,17,10.8,40.4,16.2,12.9,0,1,,
CHA,DAL,02/08/20,DAL,3.5,DAL,116,100,111.1,127.5,50,60.3,12.2,13.2,30.2,31.7,14.9,12.6,3+,0,,
IND,NOP,02/08/20,IND,5,NOP,124,117,111.5,118.3,58.4,54.2,13.5,14.4,11.6,31.5,24.1,22.1,0,1,,
TOR,BRK,02/08/20,TOR,6,TOR,119,118,124,122.9,54.7,53.3,7.3,9.4,32,29.4,15.8,21.7,0,2,,
MIN,LAC,02/08/20,LAC,9.5,MIN,142,115,134,108.5,68.4,52.3,12.3,14.2,20.5,18.8,12.8,27.6,2,2,,
GSW,LAL,02/08/20,LAL,14,LAL,125,120,112.3,116.8,59,61,17,22.4,20.8,39.5,17,30.5,2,1,,
PHX,DEN,02/08/20,DEN,3.5,DEN,117,108,111.3,119.4,48.9,61.6,14.4,14.3,29.2,21.1,26.4,19.8,0,2,,
SAC,SAS,02/08/20,SAS,2.5,SAC,122,102,127.7,108.5,63.4,54.9,11.7,16,22.2,21.4,15.1,16.3,0,1,,
OKC,BOS,02/09/20,BOS,1.5,BOS,112,111,115.8,120.4,51.7,54.8,10.5,9.7,25,27.7,26.2,23.8,1,1,,
WAS,MEM,02/09/20,MEM,2.5,MEM,106,99,90,96.4,38.5,44.6,6.4,13.6,16.7,31.1,22.2,15.2,1,1,,
ATL,NYK,02/09/20,ATL,5,ATL,140,135,115.7,111.6,51.9,53.2,12.4,14.9,25.4,31,26.2,16.4,1,0,,TRUE
PHI,CHI,02/09/20,PHI,11,PHI,118,111,119.2,112.1,56.5,55.7,16.2,18.2,34.8,29.5,27.4,14.9,1,2,,
HOU,UTA,02/09/20,HOU,2.5,UTA,114,113,115.5,116.5,54.2,57.6,8.2,16.5,21.2,30.4,10.6,17.4,1,1,,
CLE,LAC,02/09/20,LAC,6,LAC,133,92,89.3,129.1,40.5,63.4,15.5,11.7,28.6,25,15.8,16.3,3+,0,,
POR,MIA,02/09/20,POR,5.5,POR,115,109,113.9,108,58.2,50,13.9,13,15.6,28.3,19.3,11.2,1,1,,
DET,CHA,02/10/20,DET,2,CHA,87,76,86.4,98.9,39.6,42.6,23.9,13.6,37.7,35.1,13.4,13.6,1,1,DET,
IND,BRK,02/10/20,IND,7,BRK,106,105,111.7,112.8,52.7,47.1,6.4,10.6,17,34.5,8.7,27.6,1,1,BRK,
ORL,ATL,02/10/20,ORL,6,ORL,135,126,136.4,127.3,62.1,62.5,11.1,12.1,39.6,15,17.9,18.2,1,0,ORL,
TOR,MIN,02/10/20,TOR,9,TOR,137,126,124.5,114.5,66.9,55.8,18.2,20.9,27.5,29.8,20.2,34.9,1,1,TOR,
MIL,SAC,02/10/20,MIL,11.5,MIL,123,111,113.9,101.8,54.2,48.5,12,11.9,22.2,19.7,19.8,13,1,1,MIL,
DAL,UTA,02/10/20,UTA,1,UTA,123,119,121.4,124.5,56,68.6,7.1,21.4,13.3,31.4,31.7,20.5,1,0,DAL,
DEN,SAS,02/10/20,DEN,7.5,DEN,127,120,134,126.3,67.5,57.6,11.7,10.5,24.3,27.3,23.8,25.9,1,1,SAS,
LAL,PHX,02/10/20,LAL,13,LAL,125,100,123.8,99,59.3,49.3,15.8,13.1,40,8.3,18.7,32.9,1,1,PHX,
GSW,MIA,02/10/20,MIA,6,MIA,113,101,102,111.9,46.1,56.3,17.2,11.9,17.6,22.9,39,17.4,1,0,GSW,
PHI,LAC,02/11/20,LAC,1.5,PHI,110,103,112.2,104,50.5,52.2,8.2,9.1,27.3,16,14.7,10,1,1,LAC,
WAS,CHI,02/11/20,WAS,2.5,WAS,126,114,117.8,107.5,60.1,56.5,15.9,20.8,22.7,28.6,21.6,10.9,1,1,CHI,
OKC,SAS,02/11/20,OKC,7.5,SAS,114,106,106.1,114,52.4,53,14.1,12,18.4,24.4,20,30.1,1,0,SAS,
NOP,POR,02/11/20,NOP,2.5,NOP,138,117,128,108.4,60.9,51.1,13.1,14,31.1,26,28.3,23.9,2,1,POR,
HOU,BOS,02/11/20,HOU,2,HOU,116,105,109.5,100,51.3,50,13.3,17.3,12.8,20,48.7,24.1,1,1,BOS,
ORL,DET,02/12/20,ORL,7.5,ORL,116,112,105.5,101.8,52.1,53.3,11.8,19.1,19.6,19.6,16.8,15.2,1,1,DET,TRUE
CLE,ATL,02/12/20,ATL,2,CLE,127,105,122.3,101.9,56.4,50.6,16.5,16.5,37.5,20,22.6,24.1,2,1,CLE,
BRK,TOR,02/12/20,TOR,3.5,BRK,101,91,101,91.9,46,45,17.2,13.1,29.1,17.9,23,11.2,1,1,TOR,
IND,MIL,02/12/20,MIL,1,IND,118,111,110.3,104.7,57.6,47.8,15,17,19.5,30.2,22.4,26.4,1,1,MIL,
NYK,WAS,02/12/20,NYK,3,WAS,114,96,89.6,104.7,42.6,53.6,20.8,13.1,32.1,14.9,23.9,28.6,2,0,WAS,
MIN,CHA,02/12/20,MIN,8.5,CHA,115,108,103.9,111.7,45.5,54.3,10.7,13.6,30.2,30.8,16.2,16.3,1,1,CHA,
MEM,POR,02/12/20,MEM,3.5,MEM,111,104,107.8,100,50.5,43.8,11.8,10.6,29.6,27.9,15.8,19.6,2,0,POR,
DAL,SAC,02/12/20,DAL,8.5,DAL,130,111,130.3,111.1,66.5,47.5,12.1,5.1,16.2,24.6,20.2,17.2,1,1,SAC,
UTA,MIA,02/12/20,UTA,4.5,UTA,116,101,112.7,97.1,56.5,50.6,14.7,10.8,22.2,13.5,23.5,13.8,1,1,UTA,
PHX,GSW,02/12/20,PHX,7,PHX,112,106,112,102.9,53.8,57.8,14,21.6,24,10.5,15.4,22.4,1,1,PHX,
DEN,LAL,02/12/20,LAL,2.5,LAL,120,116,111.5,113.2,56.2,57,11.5,11.3,15.2,23.1,19.5,15.1,1,1,LAL,TRUE
BOS,LAC,02/13/20,BOS,2,BOS,141,133,112.8,105.6,52.4,46.8,12,12.8,20.7,27.7,32.4,27.5,1,1,LAC,TRUE
NOP,OKC,02/13/20,NOP,3.5,OKC,123,118,115.8,119.4,57,57.1,16.8,8.7,22.9,17.4,23.5,19.8,1,1,OKC,
DET,MIL,02/20/20,MIL,13,MIL,126,106,101.9,123.8,56,55.9,21.4,7.9,21.4,18.4,15.9,23.7,3+,3+,MIL,
ATL,MIA,02/20/20,MIA,6.5,ATL,129,124,118.3,112.7,57.6,46.4,14.7,13.6,17,32.2,36.9,34.4,3+,3+,MIA,
CHI,CHA,02/20/20,CHI,4.5,CHA,103,93,97.9,109.6,46.6,52.7,14.7,19.1,31.4,28.2,13.8,34.2,3+,3+,CHA,
PHI,BRK,02/20/20,PHI,8,PHI,112,104,105.7,98.1,46.5,40.2,13.3,15.1,22.4,36.9,37.2,21.6,3+,3+,BRK,TRUE
SAC,MEM,02/20/20,MEM,1,SAC,129,125,119.4,115.7,62,57.6,9.3,18.5,6.7,31,31.3,32.1,3+,3+,MEM,
GSW,HOU,02/20/20,HOU,10,HOU,135,105,103,132.7,52.8,67.6,23.2,15.8,36.2,25.6,11.1,24.1,3+,3+,HOU,
ORL,DAL,02/21/20,DAL,4.5,DAL,122,106,102.9,119.6,43.8,60.1,7.8,15.7,27,20.9,14.7,25,3+,3+,DAL,
WAS,CLE,02/21/20,WAS,6,CLE,113,108,102.9,109.7,42.9,59.9,11.5,21.4,36.4,23.8,16.2,19.8,3+,3+,CLE,
NYK,IND,02/21/20,IND,6.5,IND,106,98,99,106,50,45.5,15.2,11,18,27.8,21,29.9,3+,3+,IND,
TOR,PHX,02/21/20,TOR,7.5,TOR,118,101,111.3,94.3,61.3,44.6,23.6,16.2,29.7,21.8,25.3,20.9,3+,3+,TOR,
OKC,DEN,02/21/20,OKC,1.5,OKC,113,101,115.3,103.1,51.1,51.9,12.2,19.4,29.2,22.5,27.6,27.6,3+,3+,DEN,
MIN,BOS,02/21/20,BOS,7,BOS,127,117,112.5,119.8,48.9,51.6,9.6,10.4,21.8,32.7,33.7,30.5,3+,3+,BOS,
UTA,SAS,02/21/20,UTA,7,SAS,113,104,101,111.9,50,49.5,16.5,6.9,18,17.3,26.8,25.3,3+,3+,SAS,
POR,NOP,02/21/20,NOP,5.5,NOP,128,115,111.7,123.1,51.1,64.3,13.6,18.3,30.2,29.8,20.4,23.8,3+,3+,NOP,
LAL,MEM,02/21/20,LAL,11,LAL,117,105,112.5,100,52.9,48.4,14.4,16.3,28.8,31.6,30.2,17.4,3+,0,MEM,
LAC,SAC,02/22/20,LAC,9.5,SAC,112,103,96.2,105.7,44.8,51.7,17.9,12.3,28.3,24,28.7,22.7,3+,1,LAC,
CHA,BRK,02/22/20,BRK,3.5,BRK,115,86,87.8,117.3,42,58,13.3,10.2,22.6,18.4,13.6,16.3,1,1,BRK,
ATL,DAL,02/22/20,DAL,6,ATL,111,107,109.9,106,48,52.8,9.9,16,30.5,23.1,17.5,14.6,1,0,DAL,
CHI,PHX,02/22/20,PHX,2,PHX,112,104,100,108.7,51.8,50,25.2,20.4,31.9,38,21.7,30.2,1,0,CHI,
MIA,CLE,02/22/20,MIA,13.5,MIA,124,105,125.3,104,69,56.3,16.2,24.8,13.5,34.1,19,20.5,1,0,MIA,
MIL,PHI,02/22/20,MIL,8.5,MIL,119,98,113.3,94.2,60.4,41.5,16.2,11.5,20.9,23.1,10,15,1,1,MIL,
UTA,HOU,02/22/20,UTA,2,HOU,120,110,107.8,117.6,50.6,59.8,12.7,9.8,24,16,21.1,10.9,1,1,HOU,
LAL,BOS,02/23/20,LAL,7.5,LAL,114,112,110.7,106.7,51.7,53.6,12.6,16.3,25.5,20.8,29.4,27.7,1,1,,
DEN,MIN,02/23/20,DEN,14.5,DEN,128,116,121,111.5,65,52.2,13.3,14.4,21.6,28.8,12.2,24.7,1,1,,
TOR,IND,02/23/20,TOR,5,TOR,127,91,124.5,79.4,60.3,36.8,16.7,17.6,35.6,26.2,17.6,11.6,1,1,,
CHI,WAS,02/23/20,WAS,3.5,CHI,126,117,115.7,108.3,66.7,58.9,26.9,22.2,28.6,20.5,22.8,42.5,0,1,,
GSW,NOP,02/23/20,NOP,10.5,NOP,115,101,102,115,49.5,55.6,15.2,13,25.9,28.6,11,6.2,2,0,,
POR,DET,02/23/20,POR,5.5,POR,107,104,112.6,110.6,56.5,49.4,10.5,11.7,21.7,24.5,14.3,22.1,1,2,,
CLE,MIA,02/24/20,MIA,6,CLE,125,119,112.8,108.3,51,54.2,11,13.8,29.8,20.8,25.8,15.6,1,1,MIA,TRUE
MIL,WAS,02/24/20,MIL,13.5,MIL,137,134,112.6,116.1,55.6,66.9,14.3,17.8,17,10,26,25.6,0,1,MIL,TRUE
PHI,ATL,02/24/20,PHI,8,PHI,129,112,126.5,108.7,58,45.4,11.8,12.6,27.3,31,30.7,24.7,1,1,ATL,
BRK,ORL,02/24/20,BRK,3.5,ORL,115,113,114.1,116.3,56.2,56.7,12.1,10.2,27.5,19.6,5.3,15.7,1,2,ORL,
HOU,NYK,02/24/20,HOU,14,HOU,123,112,117.1,105.7,59.3,50,12.4,16,17,32.7,24.4,23.1,1,2,NYK,
DAL,MIN,02/24/20,DAL,13,DAL,139,123,126.4,111.8,58.4,52.1,11.8,10.9,29.6,19.3,20.8,25.5,1,0,,
UTA,PHX,02/24/20,UTA,8,PHX,131,111,108.9,130,54.4,63.2,19.8,15,22.9,37.5,55.2,24.1,1,1,PHX,
LAC,MEM,02/24/20,LAC,9.5,LAC,124,97,122.8,97,58.5,45.5,11.9,13,27.1,21.8,14.9,18,1,2,MEM,
IND,CHA,02/25/20,IND,11,IND,119,80,121.4,80,62.8,38.3,15.3,10,24.3,19.7,12.8,8.6,1,2,CHA,
TOR,MIL,02/25/20,MIL,1,MIL,108,97,94.2,102.9,45.1,46.4,16.5,13.5,21.7,23.1,16.7,35.7,1,0,TOR,
CHI,OKC,02/25/20,OKC,8,OKC,124,122,127.1,130.5,59.8,64.5,11.5,12.6,32.6,27.8,6.2,34.7,1,1,OKC,
DEN,DET,02/25/20,DEN,13,DEN,115,98,123.7,106.5,63.8,50,19.4,17.4,35.3,30,23.7,21,1,1,DEN,
LAL,NOP,02/25/20,LAL,7,LAL,118,109,105.4,98.2,50.5,50,14.3,18,28.3,20.4,14.7,26.7,1,1,NOP,
POR,BOS,02/25/20,BOS,7.5,BOS,118,106,101.9,113.6,52.4,58.3,16.5,13.6,19.6,19.6,20,14.8,1,1,BOS,
GSW,SAC,02/25/20,SAC,6,SAC,112,94,96.9,114.3,46.8,61.2,17.5,10.2,17.4,12.5,25.3,25,1,1,SAC,
WAS,BRK,02/26/20,BRK,2,WAS,110,106,106.8,101.9,50.5,47.1,10.7,17.3,21.8,35.2,13.5,28.2,1,1,BRK,
CLE,PHI,02/26/20,PHI,7.5,CLE,108,94,116.1,100,59.6,47.8,20.4,9.6,32.4,20.8,19.2,10.3,1,1,PHI,
CHA,NYK,02/26/20,NYK,1.5,CHA,107,101,112.6,105.2,53,52.9,14.7,15.6,31.9,33.3,23.2,13.1,0,1,NYK,
MIA,MIN,02/26/20,MIA,10,MIN,129,126,117.8,119.4,59.6,61,20.6,14.8,29.3,19.6,42.3,19.8,1,1,MIN,
SAS,DAL,02/26/20,DAL,5,DAL,109,103,101,100.9,48.4,51.7,15.7,15.1,27.3,20,15.2,23.5,2,1,DAL,
ATL,ORL,02/26/20,ORL,4,ORL,130,120,116.5,125,51.6,56,8.7,8.7,21.6,28.8,24.7,18.4,1,1,ORL,
HOU,MEM,02/26/20,HOU,11.5,HOU,140,112,132.1,106.7,68.3,45.8,17.9,15.2,26.2,41.2,14,12.1,1,1,MEM,
PHX,LAC,02/26/20,LAC,7,LAC,102,92,94.8,107.4,44.3,52.4,16.7,16.8,28.8,27.7,17.4,16.7,1,1,PHX,
UTA,BOS,02/26/20,UTA,4.5,BOS,114,103,114.6,128.4,51.7,60.1,11.2,10.2,28.8,30,12.5,15.5,1,0,UTA,
PHI,NYK,02/27/20,PHI,6,PHI,115,106,123.7,116.5,57.7,55.4,6.5,8.8,27.3,23.9,11,16.9,0,0,PHI,
OKC,SAC,02/27/20,OKC,6.5,OKC,112,108,116.7,111.3,54.2,51.6,11.5,15.5,24,30.6,25,15.4,1,1,SAC,
IND,POR,02/27/20,IND,9.5,IND,106,100,108.2,101,48.9,51.1,14.3,14.3,32.1,25,20,10.2,1,1,POR,
GSW,LAL,02/27/20,LAL,10,LAL,116,86,81.1,108.5,48.1,56.3,25.5,16,15.2,22.2,11.3,20.9,1,1,LAL,
ORL,MIN,02/28/20,ORL,7,ORL,136,125,122.5,110.8,60.2,57.4,14.4,13.5,30.2,14.5,18.6,17,1,1,MIN,
ATL,BRK,02/28/20,BRK,3,ATL,141,118,133.3,111.3,61.3,55.4,9.5,12.3,33.3,20,22.7,17.6,1,1,BRK,
TOR,CHA,02/28/20,TOR,14,CHA,99,96,102.2,105.3,40,51.9,5.4,19.1,26.9,29.2,21.1,23.1,2,1,TOR,
MIA,DAL,02/28/20,MIA,2.5,MIA,126,118,127.8,120.4,62.7,60.1,11.3,11.2,23.3,13,34.2,20.2,1,1,DAL,
MEM,SAC,02/28/20,MEM,3.5,SAC,104,101,98.1,102,47.3,47.8,13.6,8.8,23.1,14.3,16.9,18.9,1,0,SAC,
NOP,CLE,02/28/20,NOP,12.5,NOP,116,104,114.9,104,59.7,51.1,16.8,14,33.3,24.5,12.5,7.4,2,1,CLE,
MIL,OKC,02/28/20,MIL,10.5,MIL,133,86,122.2,80.4,60.5,39.6,15.7,13.1,30.6,9.8,12.2,15.6,2,0,OKC,
UTA,WAS,02/28/20,UTA,10.5,UTA,129,119,124,115.5,60.1,53.1,14.4,10.7,34.8,25.9,25,15.5,1,1,WAS,
PHX,DET,02/28/20,PHX,7.5,DET,113,111,114.6,118.9,66,56.1,18.8,10.5,20,27.1,16,13.3,1,2,DET,
LAC,DEN,02/28/20,LAC,5.5,LAC,132,103,133.3,105.1,64,50,12.1,15.3,33.3,31.5,20.2,13.2,1,2,DEN,
NYK,CHI,02/29/20,NYK,2.5,NYK,125,115,131.9,119.8,60,55.6,18.1,8.3,51.2,26.5,27.1,18.4,1,3+,,
MIA,BRK,02/29/20,MIA,7.5,MIA,116,113,119.6,115.3,52.7,55.8,7.2,10.2,24,20.8,22,19.8,0,0,,
ATL,POR,02/29/20,ATL,2.5,ATL,129,117,119.8,110.4,65.5,54.3,17.9,16,19.5,31.2,22.9,16,0,1,,
MEM,LAL,02/29/20,LAL,11,MEM,105,88,110.6,93.6,50.5,46,10.6,17,33.3,25.9,9.5,8,0,1,,
CLE,IND,02/29/20,IND,9,IND,113,104,106.1,114.1,51.2,58.6,16.3,13.1,25.6,23.8,20,12.6,0,1,,
BOS,HOU,02/29/20,HOU,1,HOU,111,110,100.9,100.9,45.5,49.5,12.8,14.5,28.6,23.2,19,14.4,2,2,,TRUE
SAS,ORL,02/29/20,SAS,4,SAS,114,113,109.7,110.8,60.7,57.7,16.5,18.6,15.4,28.3,14.3,19.3,2,0,,
PHX,GSW,02/29/20,PHX,11,GSW,115,99,100,116.2,48.2,52.3,20.4,10.1,29.4,28,23.2,27.6,0,1,,
CHA,MIL,03/01/20,MIL,13.5,MIL,93,85,86.6,95.9,39.6,44.3,10.3,17.5,22.2,30.2,9.4,18.4,1,1,,
LAC,PHI,03/01/20,LAC,14,LAC,136,130,137.4,130.3,67.8,61.6,11.1,10.1,20.6,28.6,44,13.8,1,2,,
MIN,DAL,03/01/20,DAL,5.5,DAL,111,91,88.3,104.8,42.9,52.7,13.6,13.3,23.2,20.4,6.1,12.8,1,1,,
DEN,TOR,03/01/20,DEN,2.5,DEN,133,118,130.4,113.6,67.5,51.7,15.7,11.7,22.5,25.5,25.3,29.5,1,1,,
SAC,DET,03/01/20,SAC,9.5,SAC,106,100,110.4,103.1,45.6,52.5,11.5,16.7,35.2,22.9,25.3,20.3,1,1,,
NOP,LAL,03/01/20,NOP,1.5,LAL,122,114,105.6,114,45.8,58.2,14.8,12.1,35.2,18.8,28.7,9.3,1,0,,
GSW,WAS,03/01/20,WAS,7,WAS,124,110,104.8,117,52.2,61,21,12.3,36,12.2,19.3,29.3,0,1,,
NYK,HOU,03/02/20,HOU,10,NYK,125,123,119,115,54.6,52.1,18.1,11.2,44.6,16.4,19.6,26.6,1,1,,
ORL,POR,03/02/20,ORL,6.5,POR,130,107,105,131.3,45.8,64.8,6,12.1,24.1,21.1,20,18.2,1,1,,
CLE,UTA,03/02/20,UTA,10.5,UTA,126,113,117.7,131.3,55.5,68.7,7.3,15.6,23.1,27.8,13.3,14.5,1,2,,
MIA,MIL,03/02/20,MIL,5,MIA,105,89,106.1,91.8,53.5,44.8,10.2,15.5,12.2,23.6,15.3,14,1,0,,
ATL,MEM,03/02/20,MEM,2,MEM,127,88,84.6,119.8,36.9,57.6,16.3,14.2,28.4,34.7,15.5,22.8,1,1,,
CHI,DAL,03/02/20,DAL,7,CHI,109,107,112.4,108.1,52.1,54.8,14.4,18.2,32.1,28.6,11.7,18.3,1,0,,
SAS,IND,03/02/20,IND,2,IND,116,111,115.6,120,62.3,60.4,15.6,14.7,10.5,22.5,19.5,29.9,1,1,,
CHA,SAS,03/03/20,SAS,4,SAS,104,103,113.2,113,54.2,54.4,18.7,10.9,37,17.1,15.9,21.3,1,0,SAS,
BOS,BRK,03/03/20,BOS,6,BRK,129,120,108.1,116.2,50,50,13.5,18.9,30,42.9,16.7,29.3,2,2,BOS,TRUE
OKC,LAC,03/03/20,LAC,5,LAC,109,94,97.9,112.4,47.5,51.8,15.6,10.3,20.4,17.8,21.3,26.2,3,1,OKC,
NOP,MIN,03/03/20,NOP,11,MIN,139,134,121.8,125.2,59,62.9,13.6,14.4,30.8,28.9,16,17.5,1,1,,
DEN,GSW,03/03/20,DEN,16,GSW,116,100,104.2,123.4,46.6,62.2,16.8,11.7,38,18.2,22.1,17.1,1,1,GSW,
PHX,TOR,03/03/20,TOR,4.5,TOR,123,114,107.5,113,54.7,54.7,17,13.9,18.4,23.4,24.7,34.1,2,1,TOR,
SAC,WAS,03/03/20,SAC,5.5,SAC,133,126,124.3,115.7,63.5,61.3,14,13,24.4,7.5,22.7,35,1,1,WAS,
LAL,PHI,03/03/20,LAL,12,LAL,120,107,125,109.2,61,54.1,13.5,15.3,24.4,26.5,17.6,17.6,1,1,LAL,
MIA,ORL,03/04/20,MIA,7,MIA,116,113,124.7,121.5,65.8,60.1,15.1,12.9,22,20,15.2,14.3,1,1,MIA,
CLE,BOS,03/04/20,BOS,2.5,BOS,112,106,110.4,117.9,51.1,52.9,13.5,11.6,32.1,30.6,17,24.4,1,0,BOS,
DET,OKC,03/04/20,OKC,8,OKC,114,107,110.3,116.7,57,68,17.5,16.7,29.2,6.5,10.7,16.2,2,0,DET,
NYK,UTA,03/04/20,UTA,8,UTA,112,104,109.5,117.9,52.4,56.8,13.7,14.7,23.9,26.2,17.6,24.7,1,1,UTA,
BRK,MEM,03/04/20,BRK,1.5,MEM,118,79,82.1,121.9,37.2,53,14.7,12.5,26.2,41.8,13.3,12,0,1,MEM,
MIN,CHI,03/04/20,MIN,3,MIN,115,108,117.3,109.1,61.9,53.7,19.4,10.1,29.5,22,20,7.4,0,1,CHI,
DAL,NOP,03/04/20,DAL,6,DAL,127,123,114.4,109.8,57.9,51.3,15.3,12.5,23.1,30.8,18.3,5.3,1,0,NOP,
MIL,IND,03/04/20,MIL,11,MIL,119,100,107.3,90.9,52.7,46.9,16.4,14.5,25.5,14.5,21.5,9.3,1,1,IND,
POR,WAS,03/04/20,POR,7.5,POR,125,104,121.6,102,59.9,44.2,15.7,9.8,22.5,34.3,35,12.6,1,0,WAS,
CHA,DEN,03/05/20,DEN,10,DEN,114,112,120.4,122.6,57.8,57.8,15.1,14,27.5,34.1,29.9,21.7,1,1,DEN,
HOU,LAC,03/05/20,HOU,0,LAC,120,105,100,113.2,39.7,54.2,10.5,15.1,27.3,28,29.2,34.9,2,1,LAC,
SAC,PHI,03/05/20,SAC,5,PHI,125,108,106.9,125,60.1,57.8,17.8,13,13.5,32,16.5,14.6,1,1,PHI,
GSW,TOR,03/05/20,TOR,8,TOR,121,113,108.7,115.2,48,56,15.4,12.4,35.6,11.4,19.6,34.6,1,1,,
WAS,ATL,03/06/20,WAS,5,WAS,118,112,116.8,112,57.2,60.5,17.8,18,25.6,22,40.8,9.4,1,3,,
BRK,SAS,03/06/20,BRK,3.5,BRK,139,120,129,112.1,60.9,52.2,7.5,5.6,22.9,6.1,22.9,26.1,1,2,SAS,
NYK,OKC,03/06/20,OKC,7,OKC,126,103,105.1,129.9,47.3,55.2,12.2,4.1,29.4,29.4,18.7,21.1,1,1,OKC,
MIN,ORL,03/06/20,ORL,2.5,ORL,132,118,114.6,130.7,52,64.9,7.8,10.9,24.5,19.4,16.5,27.4,1,1,ORL,
CHI,IND,03/06/20,IND,3,IND,108,102,101,105.9,45.9,56,16.8,21.8,35.7,28.6,13.7,32,1,1,IND,
NOP,MIA,03/06/20,NOP,1.5,NOP,110,104,107.8,102,49.5,48.3,16.7,15.7,34.5,24.1,22.2,24.7,1,1,NOP,
BOS,UTA,03/06/20,BOS,2.5,UTA,99,94,96.9,103.2,42.6,55.6,13.5,18.9,33.9,24.4,15.1,12.5,1,1,UTA,
DAL,MEM,03/06/20,DAL,6.5,DAL,121,96,123.5,96,56.8,51.8,11.2,19,26.9,21.7,13.7,10.7,1,1,MEM,
PHX,POR,03/06/20,POR,3.5,PHX,127,117,128.3,117.2,59.9,56.9,13.1,16.2,34.8,26.7,19.8,20.7,2,1,PHX,
LAL,MIL,03/06/20,LAL,1.5,LAL,113,103,100.9,92.8,45.1,48.3,14.3,18,18.9,14.8,34.4,19.3,2,1,MIL,
CHA,HOU,03/07/20,HOU,8,CHA,108,99,117.4,107.6,63.6,55.9,18.5,22.8,17.1,33.3,27.1,18.4,1,1,CHA,
DET,UTA,03/07/20,UTA,8,UTA,111,105,112.9,120.7,51.7,58.4,11.8,10.9,30.4,23.7,19,27.6,2,0,UTA,
CLE,DEN,03/07/20,DEN,9.5,CLE,104,102,109.5,107.4,63.2,58.2,23.2,18.9,27.8,25.6,10.5,3.6,2,1,,
MEM,ATL,03/07/20,MEM,6.5,MEM,118,101,110.3,93.5,56.3,40.5,15.9,13.1,29.2,25,23,25.3,0,0,MEM,
GSW,PHI,03/07/20,PHI,4.5,GSW,118,114,128.3,123.9,60.6,56.5,7.6,12,20.5,31.1,26.3,22.6,1,1,,
POR,SAC,03/07/20,POR,3,SAC,123,111,109.9,123,52.8,60.6,10.9,15,24,27.3,19.1,23.5,0,1,SAC,
BRK,CHI,03/08/20,BRK,6,BRK,110,107,105.8,100,58.6,48.9,27.9,6.7,25.7,10.9,54.7,18.7,1,1,CHI,
LAC,LAL,03/08/20,LAC,2.5,LAL,112,103,100,108.8,43.6,50.6,15.8,13.7,32.7,24.5,32.9,27.9,2,1,LAL,
MIN,NOP,03/08/20,NOP,7,NOP,120,107,93,104.3,43.6,55,14.8,21.7,17.5,24.5,26.9,23.3,1,1,NOP,
BOS,OKC,03/08/20,BOS,3.5,OKC,105,104,103,104,48.4,50.6,12.9,18,22.6,22.4,16.5,31.6,1,1,OKC,
PHX,MIL,03/08/20,MIL,6.5,PHX,140,131,133.3,124.8,66.5,60.5,14.3,9.5,23.1,16.7,31.8,16.8,1,1,,
DAL,IND,03/08/20,DAL,6.5,IND,112,109,107.9,110.9,50.5,56.8,10.9,10.9,21.1,16.7,18.7,13.6,1,1,IND,
WAS,MIA,03/08/20,MIA,5,MIA,100,89,92.7,104.2,45.5,58.3,14.6,24,13.2,21.6,23.4,35.4,1,1,WAS,
HOU,ORL,03/08/20,HOU,8,ORL,126,106,101.9,118.3,49.4,55.5,17.5,14.4,27.5,33.3,21.6,27.8,0,1,ORL,
NYK,DET,03/08/20,NYK,6,NYK,96,84,105.5,92.2,47.6,43.1,13.2,14.4,34,23.5,22,18.8,1,0,NYK,
CLE,SAS,03/08/20,SAS,5,CLE,132,129,110.9,109.4,52.7,49,15.1,7.7,24.5,14,35.1,33.7,0,1,SAS,TRUE
SAC,TOR,03/08/20,TOR,6,TOR,118,113,113,119.2,51.1,59.1,11,9.1,20.8,8.9,23.3,25.6,0,2,TOR,
ATL,CHA,03/09/20,ATL,4,ATL,143,138,132.4,125.5,66.1,56.2,14.8,4.5,36.2,20,17.6,20.6,1,1,CHA,TRUE
DEN,MIL,03/09/20,DEN,5.5,DEN,109,95,104.8,90.5,52.1,46.1,13.5,16.2,17,19.6,11.7,13.5,1,0,,
UTA,TOR,03/09/20,UTA,4.5,TOR,101,92,96.8,106.3,49.4,51.2,11.6,21.1,12.2,31.9,12.2,19.5,1,0,TOR,
WAS,NYK,03/10/20,WAS,4.5,WAS,122,115,117.3,109.6,56.8,56.8,18.3,18.3,29.3,27.9,51.4,28.4,1,1,NYK,
IND,BOS,03/10/20,BOS,3,BOS,114,111,114.4,115.5,54.3,51.1,12.4,10.3,23.4,30.8,11,20.4,1,1,BOS,
CHI,CLE,03/10/20,CHI,3.5,CHI,108,103,109.2,105.1,57.1,53.8,21.4,18.4,34.9,23.8,14.3,21.3,1,1,CLE,
MEM,ORL,03/10/20,MEM,3,ORL,120,115,111.8,117.6,57.2,54.3,20.6,15.7,26.8,30.3,37.3,22,1,1,ORL,
SAS,DAL,03/10/20,DAL,3.5,SAS,119,109,119.2,109,60.1,54.9,12.1,14,17.8,24,13.5,8.8,1,1,DAL,
HOU,MIN,03/10/20,HOU,12.5,HOU,117,111,113.6,109.9,60.6,56.6,17.5,18.8,16.7,23.9,25.6,20.5,1,1,HOU,
POR,PHX,03/10/20,POR,5,POR,121,105,119.8,102,60.1,46.6,10.9,13.9,21.7,23.1,15.9,27.6,2,1,PHX,
LAL,BRK,03/10/20,LAL,10.5,BRK,104,102,106.3,108.3,54.6,48.3,15.6,11.5,24.5,27.3,8,19.3,1,1,BRK,
GSW,LAC,03/10/20,LAC,11.5,LAC,131,107,108.1,132.3,53.8,60.9,10.1,11.1,9.3,26.7,27.8,21.1,2,1,,
MIA,CHA,03/11/20,MIA,10,CHA,109,98,106.6,118.5,55.4,55.5,15.4,15.2,20,36.4,6,22.2,2,1,CHA,
ATL,NYK,03/11/20,ATL,5,NYK,136,131,114.9,116.2,51.9,59,14.9,10.3,30.6,13,20,26.9,1,0,ATL,
PHI,DET,03/11/20,PHI,11,PHI,124,106,130.5,110.5,59,53,14.7,9.5,40,18.8,31.3,20.5,3,2,DET,
DAL,DEN,03/11/20,DEN,2.5,DAL,113,97,114.1,98,52.2,55.4,11.1,16.3,28.8,6.8,18.5,6,0,1,,
